Ano;Mês;Classificação orçamentária;Secretaria;Função;Subfunção;Natureza da despesa;Fonte de recurso;Empenhado (R$);Liquidado  (R$);Pago  (R$)
2019;5;05.10.3.1.90.11.04.122.0001.2.002.01.110000;Gabinete do Prefeito;ADMINISTRAÇÃO;ADMINISTRAÇÃO GERAL;VENCIMENTOS E VANTAGENS FIXAS -  PESSOAL CIVIL;TESOURO;18.934,74;18.934,74;18.934,74
2019;5;10.10.3.1.90.11.04.122.0001.2.002.01.110000;Secretaria de Governança;ADMINISTRAÇÃO;ADMINISTRAÇÃO GERAL;VENCIMENTOS E VANTAGENS FIXAS -  PESSOAL CIVIL;TESOURO;133.114,90;133.114,90;133.114,90
2019;5;10.10.3.3.50.39.04.122.0001.2.005.01.110000;Secretaria de Governança;ADMINISTRAÇÃO;ADMINISTRAÇÃO GERAL;OUTROS SERVIÇOS DE TERCEIROS -PESSOA JURÍDICA;TESOURO;0;0;1.006.314,00
2019;5;10.10.3.3.90.30.04.122.0001.2.002.01.110000;Secretaria de Governança;ADMINISTRAÇÃO;ADMINISTRAÇÃO GERAL;MATERIAL DE CONSUMO;TESOURO;6.172,55;28.798,29;32.456,04
2019;5;10.10.3.3.90.30.04.122.0001.2.002.02.500061;Secretaria de Governança;ADMINISTRAÇÃO;ADMINISTRAÇÃO GERAL;MATERIAL DE CONSUMO;TRANSFERENCIAS E CONVENIOS ESTADUAIS - VINCULADOS;0;75;0
2019;5;10.10.3.3.90.30.04.122.0001.2.002.05.100118;Secretaria de Governança;ADMINISTRAÇÃO;ADMINISTRAÇÃO GERAL;MATERIAL DE CONSUMO;TRANSFERENCIAS E CONVENIOS FEDERAIS - VINCULADOS;4.707,50;0;0
2019;5;10.10.3.3.90.39.04.122.0001.2.002.01.110000;Secretaria de Governança;ADMINISTRAÇÃO;ADMINISTRAÇÃO GERAL;OUTROS SERVIÇOS DE TERCEIROS -  PESSOA JURÍDICA;TESOURO;5.599,56;162.618,58;246.197,21
2019;5;10.10.3.3.90.39.04.122.0001.2.002.02.500061;Secretaria de Governança;ADMINISTRAÇÃO;ADMINISTRAÇÃO GERAL;OUTROS SERVIÇOS DE TERCEIROS -  PESSOA JURÍDICA;TRANSFERENCIAS E CONVENIOS ESTADUAIS - VINCULADOS;0;880;0
2019;5;10.10.3.3.90.39.04.122.0001.2.002.05.100118;Secretaria de Governança;ADMINISTRAÇÃO;ADMINISTRAÇÃO GERAL;OUTROS SERVIÇOS DE TERCEIROS -  PESSOA JURÍDICA;TRANSFERENCIAS E CONVENIOS FEDERAIS - VINCULADOS;234.191,99;0;0
2019;5;10.10.3.3.90.39.04.122.0001.2.003.01.110000;Secretaria de Governança;ADMINISTRAÇÃO;ADMINISTRAÇÃO GERAL;OUTROS SERVIÇOS DE TERCEIROS -  PESSOA JURÍDICA;TESOURO;4.500.000,00;909.217,91;872.315,39
2019;5;10.10.3.3.90.39.04.122.0001.2.050.01.110000;Secretaria de Governança;ADMINISTRAÇÃO;ADMINISTRAÇÃO GERAL;OUTROS SERVIÇOS DE TERCEIROS -  PESSOA JURÍDICA;TESOURO;0;533.565,72;177.855,24
2019;5;10.10.3.3.90.39.27.811.0001.2.004.01.110000;Secretaria de Governança;DESPORTO E LAZER;DESPORTO DE RENDIMENTO;OUTROS SERVIÇOS DE TERCEIROS -  PESSOA JURÍDICA;TESOURO;12.199,98;12.199,98;12.199,98
2019;5;10.10.3.3.90.48.27.811.0001.2.004.01.110000;Secretaria de Governança;DESPORTO E LAZER;DESPORTO DE RENDIMENTO;OUTROS AUXÍLIOS FINANCEIROS A PESSOA FÍSICA;TESOURO;825.197,66;825.197,66;453.582,83
2019;5;10.10.4.4.90.52.04.122.0001.2.002.01.110000;Secretaria de Governança;ADMINISTRAÇÃO;ADMINISTRAÇÃO GERAL;EQUIPAMENTOS E MATERIAL PERMANENTE;TESOURO;19.420,00;0;6.726,00
2019;5;15.10.3.1.90.11.04.122.0001.2.002.01.110000;Secretaria de Apoio Jurídico;ADMINISTRAÇÃO;ADMINISTRAÇÃO GERAL;VENCIMENTOS E VANTAGENS FIXAS -  PESSOAL CIVIL;TESOURO;160.671,34;160.671,34;160.671,34
2019;5;15.10.3.3.90.14.04.122.0001.2.002.01.110000;Secretaria de Apoio Jurídico;ADMINISTRAÇÃO;ADMINISTRAÇÃO GERAL;DIÁRIAS - PESSOAL CIVIL;TESOURO;-300;-300;-300
2019;5;15.10.3.3.90.30.04.122.0001.2.002.01.110000;Secretaria de Apoio Jurídico;ADMINISTRAÇÃO;ADMINISTRAÇÃO GERAL;MATERIAL DE CONSUMO;TESOURO;17,6;3.365,45;153
2019;5;15.10.3.3.90.30.14.422.0001.2.006.02.100047;Secretaria de Apoio Jurídico;DIREITOS DA CIDADANIA;DIREITOS INDIVIDUAIS, COLETIVOS E DIFUSOS;MATERIAL DE CONSUMO;TRANSFERENCIAS E CONVENIOS ESTADUAIS - VINCULADOS;1.628,50;0;0
2019;5;15.10.3.3.90.36.04.122.0001.2.002.01.110000;Secretaria de Apoio Jurídico;ADMINISTRAÇÃO;ADMINISTRAÇÃO GERAL;OUTROS SERVIÇOS DE TERCEIROS - PESSOA FÍSICA;TESOURO;58.155,07;58.467,44;58.257,87
2019;5;15.10.3.3.90.39.04.122.0001.2.002.01.110000;Secretaria de Apoio Jurídico;ADMINISTRAÇÃO;ADMINISTRAÇÃO GERAL;OUTROS SERVIÇOS DE TERCEIROS -  PESSOA JURÍDICA;TESOURO;27.299,18;32.439,51;44.799,47
2019;5;15.10.3.3.90.39.14.422.0001.2.006.02.100047;Secretaria de Apoio Jurídico;DIREITOS DA CIDADANIA;DIREITOS INDIVIDUAIS, COLETIVOS E DIFUSOS;OUTROS SERVIÇOS DE TERCEIROS -  PESSOA JURÍDICA;TRANSFERENCIAS E CONVENIOS ESTADUAIS - VINCULADOS;0;61.828,52;87.314,54
2019;5;15.10.4.4.90.52.04.122.0001.2.002.01.110000;Secretaria de Apoio Jurídico;ADMINISTRAÇÃO;ADMINISTRAÇÃO GERAL;EQUIPAMENTOS E MATERIAL PERMANENTE;TESOURO;285,2;350;350
2019;5;15.10.4.4.90.52.14.422.0001.2.006.02.100047;Secretaria de Apoio Jurídico;DIREITOS DA CIDADANIA;DIREITOS INDIVIDUAIS, COLETIVOS E DIFUSOS;EQUIPAMENTOS E MATERIAL PERMANENTE;TRANSFERENCIAS E CONVENIOS ESTADUAIS - VINCULADOS;518;0;0
2019;5;20.10.3.1.90.11.04.122.0001.2.002.01.110000;Secretaria de Gestão Administrativa e Finanças;ADMINISTRAÇÃO;ADMINISTRAÇÃO GERAL;VENCIMENTOS E VANTAGENS FIXAS -  PESSOAL CIVIL;TESOURO;368.295,79;368.295,79;368.295,79
2019;5;20.10.3.3.90.14.04.122.0001.2.002.01.110000;Secretaria de Gestão Administrativa e Finanças;ADMINISTRAÇÃO;ADMINISTRAÇÃO GERAL;DIÁRIAS - PESSOAL CIVIL;TESOURO;500;500;0
2019;5;20.10.3.3.90.30.04.122.0001.2.002.01.110000;Secretaria de Gestão Administrativa e Finanças;ADMINISTRAÇÃO;ADMINISTRAÇÃO GERAL;MATERIAL DE CONSUMO;TESOURO;81.943,04;157.926,62;198.452,88
2019;5;20.10.3.3.90.36.04.122.0001.2.002.01.110000;Secretaria de Gestão Administrativa e Finanças;ADMINISTRAÇÃO;ADMINISTRAÇÃO GERAL;OUTROS SERVIÇOS DE TERCEIROS - PESSOA FÍSICA;TESOURO;0;1.960,64;1.960,64
2019;5;20.10.3.3.90.39.04.122.0001.2.002.01.110000;Secretaria de Gestão Administrativa e Finanças;ADMINISTRAÇÃO;ADMINISTRAÇÃO GERAL;OUTROS SERVIÇOS DE TERCEIROS -  PESSOA JURÍDICA;TESOURO;64.004,97;91.447,63;26.281,43
2019;5;20.10.3.3.90.39.04.122.0001.2.051.01.110000;Secretaria de Gestão Administrativa e Finanças;ADMINISTRAÇÃO;ADMINISTRAÇÃO GERAL;OUTROS SERVIÇOS DE TERCEIROS -  PESSOA JURÍDICA;TESOURO;1.305.705,25;4.057.643,09;3.941.340,80
2019;5;20.10.4.4.90.52.04.122.0001.2.002.01.110000;Secretaria de Gestão Administrativa e Finanças;ADMINISTRAÇÃO;ADMINISTRAÇÃO GERAL;EQUIPAMENTOS E MATERIAL PERMANENTE;TESOURO;9.101,21;194;194
2019;5;30.10.3.1.90.11.15.127.0002.2.002.01.110000;Secretaria de Urbanismo e Sustentabilidade;URBANISMO;ORDENAMENTO TERRITORIAL;VENCIMENTOS E VANTAGENS FIXAS -  PESSOAL CIVIL;TESOURO;143.605,63;143.605,63;143.605,63
2019;5;30.10.3.3.90.14.15.127.0002.2.002.01.110000;Secretaria de Urbanismo e Sustentabilidade;URBANISMO;ORDENAMENTO TERRITORIAL;DIÁRIAS - PESSOAL CIVIL;TESOURO;300;300;300
2019;5;30.10.3.3.90.30.15.127.0002.2.002.01.110000;Secretaria de Urbanismo e Sustentabilidade;URBANISMO;ORDENAMENTO TERRITORIAL;MATERIAL DE CONSUMO;TESOURO;290,4;238;1.949,50
2019;5;30.10.3.3.90.30.18.541.0002.2.052.03.100050;Secretaria de Urbanismo e Sustentabilidade;GESTÃO AMBIENTAL;PRESERVAÇÃO E CONSERVAÇÃO AMBIENTAL;MATERIAL DE CONSUMO;RECURSOS PROPRIOS DE FUNDOS ESPECIAIS DE DESPESA - VINCULADOS;4.435,00;0;2.077,20
2019;5;30.10.3.3.90.39.15.127.0002.2.002.01.110000;Secretaria de Urbanismo e Sustentabilidade;URBANISMO;ORDENAMENTO TERRITORIAL;OUTROS SERVIÇOS DE TERCEIROS -  PESSOA JURÍDICA;TESOURO;3.799,85;148.109,19;134.650,79
2019;5;30.10.3.3.90.39.15.127.0002.2.011.01.110000;Secretaria de Urbanismo e Sustentabilidade;URBANISMO;ORDENAMENTO TERRITORIAL;OUTROS SERVIÇOS DE TERCEIROS -  PESSOA JURÍDICA;TESOURO;1.200.000,00;367.026,62;502.939,67
2019;5;30.10.3.3.90.39.18.541.0002.2.052.03.100050;Secretaria de Urbanismo e Sustentabilidade;GESTÃO AMBIENTAL;PRESERVAÇÃO E CONSERVAÇÃO AMBIENTAL;OUTROS SERVIÇOS DE TERCEIROS -  PESSOA JURÍDICA;RECURSOS PROPRIOS DE FUNDOS ESPECIAIS DE DESPESA - VINCULADOS;109.866,88;246.691,06;201.080,04
2019;5;30.10.3.3.90.39.18.541.0002.2.052.03.100068;Secretaria de Urbanismo e Sustentabilidade;GESTÃO AMBIENTAL;PRESERVAÇÃO E CONSERVAÇÃO AMBIENTAL;OUTROS SERVIÇOS DE TERCEIROS -  PESSOA JURÍDICA;RECURSOS PROPRIOS DE FUNDOS ESPECIAIS DE DESPESA - VINCULADOS;6.238,64;26.704,64;43.850,04
2019;5;30.10.3.3.90.39.18.541.0002.2.052.05.100100;Secretaria de Urbanismo e Sustentabilidade;GESTÃO AMBIENTAL;PRESERVAÇÃO E CONSERVAÇÃO AMBIENTAL;OUTROS SERVIÇOS DE TERCEIROS -  PESSOA JURÍDICA;TRANSFERENCIAS E CONVENIOS FEDERAIS - VINCULADOS;0;32.088,75;32.088,75
2019;5;30.10.4.4.90.52.15.127.0002.2.002.01.110000;Secretaria de Urbanismo e Sustentabilidade;URBANISMO;ORDENAMENTO TERRITORIAL;EQUIPAMENTOS E MATERIAL PERMANENTE;TESOURO;3.770,17;0;10.591,50
2019;5;30.10.4.4.90.52.18.541.0002.2.052.05.100100;Secretaria de Urbanismo e Sustentabilidade;GESTÃO AMBIENTAL;PRESERVAÇÃO E CONSERVAÇÃO AMBIENTAL;EQUIPAMENTOS E MATERIAL PERMANENTE;TRANSFERENCIAS E CONVENIOS FEDERAIS - VINCULADOS;0;1.750,00;0
2019;5;35.10.3.1.90.11.15.451.0002.2.002.01.110000;Secretaria de Gestão Habitacional e Obras;URBANISMO;INFRA-ESTRUTURA URBANA;VENCIMENTOS E VANTAGENS FIXAS -  PESSOAL CIVIL;TESOURO;114.897,39;114.897,39;114.897,39
2019;5;35.10.3.3.90.14.15.451.0002.2.002.01.110000;Secretaria de Gestão Habitacional e Obras;URBANISMO;INFRA-ESTRUTURA URBANA;DIÁRIAS - PESSOAL CIVIL;TESOURO;-820;-820;-820
2019;5;35.10.3.3.90.30.15.451.0002.2.002.01.110000;Secretaria de Gestão Habitacional e Obras;URBANISMO;INFRA-ESTRUTURA URBANA;MATERIAL DE CONSUMO;TESOURO;0;1.373,19;713,25
2019;5;35.10.3.3.90.39.15.451.0002.1.003.01.110000;Secretaria de Gestão Habitacional e Obras;URBANISMO;INFRA-ESTRUTURA URBANA;OUTROS SERVIÇOS DE TERCEIROS -  PESSOA JURÍDICA;TESOURO;107.800,31;107.800,31;77.202,81
2019;5;35.10.3.3.90.39.15.451.0002.1.003.03.100058;Secretaria de Gestão Habitacional e Obras;URBANISMO;INFRA-ESTRUTURA URBANA;OUTROS SERVIÇOS DE TERCEIROS -  PESSOA JURÍDICA;RECURSOS PROPRIOS DE FUNDOS ESPECIAIS DE DESPESA - VINCULADOS;0;161.111,71;454.499,09
2019;5;35.10.3.3.90.39.15.451.0002.2.002.01.110000;Secretaria de Gestão Habitacional e Obras;URBANISMO;INFRA-ESTRUTURA URBANA;OUTROS SERVIÇOS DE TERCEIROS -  PESSOA JURÍDICA;TESOURO;38.779,50;451.665,59;951.364,98
2019;5;35.10.3.3.90.92.15.451.0002.1.003.01.110000;Secretaria de Gestão Habitacional e Obras;URBANISMO;INFRA-ESTRUTURA URBANA;DESPESAS DE EXERCÍCIOS ANTERIORES;TESOURO;-116.591,04;-116.591,04;-116.591,04
2019;5;35.10.4.4.90.51.15.451.0002.1.003.01.110000;Secretaria de Gestão Habitacional e Obras;URBANISMO;INFRA-ESTRUTURA URBANA;OBRAS E INSTALAÇÕES;TESOURO;9.826.538,39;462.435,07;850.988,35
2019;5;35.10.4.4.90.51.15.451.0002.1.003.01.140000;Secretaria de Gestão Habitacional e Obras;URBANISMO;INFRA-ESTRUTURA URBANA;OBRAS E INSTALAÇÕES;TESOURO;18.900,00;137.691,64;22.007,04
2019;5;35.10.4.4.90.51.26.451.0002.1.011.07.100003;Secretaria de Gestão Habitacional e Obras;TRANSPORTE;INFRA-ESTRUTURA URBANA;OBRAS E INSTALAÇÕES;OPERAÇÕES DE CREDITO;7.818,97;9.925.054,95;9.917.235,92
2019;5;35.10.4.4.90.52.15.451.0002.2.002.01.110000;Secretaria de Gestão Habitacional e Obras;URBANISMO;INFRA-ESTRUTURA URBANA;EQUIPAMENTOS E MATERIAL PERMANENTE;TESOURO;15.358,98;7.996,98;0
2019;5;35.10.4.4.90.61.26.451.0002.1.011.07.100003;Secretaria de Gestão Habitacional e Obras;TRANSPORTE;INFRA-ESTRUTURA URBANA;AQUISIÇÃO DE IMÓVEIS;OPERAÇÕES DE CREDITO;179.613,87;0;0
2019;5;35.10.4.4.90.93.15.451.0002.1.003.03.100058;Secretaria de Gestão Habitacional e Obras;URBANISMO;INFRA-ESTRUTURA URBANA;INDENIZAÇÕES E RESTITUIÇÕES;RECURSOS PROPRIOS DE FUNDOS ESPECIAIS DE DESPESA - VINCULADOS;111.483,46;111.483,46;109.363,46
2019;5;40.10.3.1.90.11.12.361.0003.2.012.01.220000;Secretaria de Educação e Cidadania;EDUCAÇÃO;ENSINO FUNDAMENTAL;VENCIMENTOS E VANTAGENS FIXAS -  PESSOAL CIVIL;TESOURO;215.142,51;215.142,51;215.142,51
2019;5;40.10.3.1.90.11.12.361.0003.2.013.01.220000;Secretaria de Educação e Cidadania;EDUCAÇÃO;ENSINO FUNDAMENTAL;VENCIMENTOS E VANTAGENS FIXAS -  PESSOAL CIVIL;TESOURO;1.581,96;1.581,96;1.581,96
2019;5;40.10.3.1.90.11.12.363.0003.2.018.01.200000;Secretaria de Educação e Cidadania;EDUCAÇÃO;ENSINO PROFISSIONAL;VENCIMENTOS E VANTAGENS FIXAS -  PESSOAL CIVIL;TESOURO;33.449,79;33.449,79;33.449,79
2019;5;40.10.3.1.90.11.12.365.0003.2.054.01.212000;Secretaria de Educação e Cidadania;EDUCAÇÃO;EDUCAÇÃO INFANTIL;VENCIMENTOS E VANTAGENS FIXAS -  PESSOAL CIVIL;TESOURO;137.219,36;137.219,36;137.219,36
2019;5;40.10.3.1.90.11.12.365.0003.2.054.01.213000;Secretaria de Educação e Cidadania;EDUCAÇÃO;EDUCAÇÃO INFANTIL;VENCIMENTOS E VANTAGENS FIXAS -  PESSOAL CIVIL;TESOURO;208.429,50;208.429,50;208.429,50
2019;5;40.10.3.1.90.11.12.366.0003.2.016.01.220000;Secretaria de Educação e Cidadania;EDUCAÇÃO;EDUCAÇÃO DE JOVENS E ADULTOS;VENCIMENTOS E VANTAGENS FIXAS -  PESSOAL CIVIL;TESOURO;1.407,85;1.407,85;1.407,85
2019;5;40.10.3.1.90.13.12.361.0003.2.012.01.220000;Secretaria de Educação e Cidadania;EDUCAÇÃO;ENSINO FUNDAMENTAL;OBRIGAÇÕES PATRONAIS;TESOURO;53.005,38;53.005,38;53.005,38
2019;5;40.10.3.1.90.13.12.361.0003.2.013.01.220000;Secretaria de Educação e Cidadania;EDUCAÇÃO;ENSINO FUNDAMENTAL;OBRIGAÇÕES PATRONAIS;TESOURO;3.036,55;3.036,55;3.036,55
2019;5;40.10.3.1.90.13.12.363.0003.2.018.01.200000;Secretaria de Educação e Cidadania;EDUCAÇÃO;ENSINO PROFISSIONAL;OBRIGAÇÕES PATRONAIS;TESOURO;10.036,99;10.036,99;10.036,99
2019;5;40.10.3.1.90.13.12.365.0003.2.054.01.213000;Secretaria de Educação e Cidadania;EDUCAÇÃO;EDUCAÇÃO INFANTIL;OBRIGAÇÕES PATRONAIS;TESOURO;1.277,23;1.277,23;1.277,23
2019;5;40.10.3.1.90.94.12.361.0003.2.012.01.220000;Secretaria de Educação e Cidadania;EDUCAÇÃO;ENSINO FUNDAMENTAL;INDENIZAÇÕES E RESTITUIÇÕES TRABALHISTAS;TESOURO;27.801,92;27.801,92;52.298,75
2019;5;40.10.3.1.90.94.12.361.0003.2.013.01.220000;Secretaria de Educação e Cidadania;EDUCAÇÃO;ENSINO FUNDAMENTAL;INDENIZAÇÕES E RESTITUIÇÕES TRABALHISTAS;TESOURO;21.309,38;21.309,38;21.309,38
2019;5;40.10.3.1.90.94.12.365.0003.2.054.01.212000;Secretaria de Educação e Cidadania;EDUCAÇÃO;EDUCAÇÃO INFANTIL;INDENIZAÇÕES E RESTITUIÇÕES TRABALHISTAS;TESOURO;5.141,77;5.141,77;1.059,22
2019;5;40.10.3.1.90.94.12.365.0003.2.054.01.213000;Secretaria de Educação e Cidadania;EDUCAÇÃO;EDUCAÇÃO INFANTIL;INDENIZAÇÕES E RESTITUIÇÕES TRABALHISTAS;TESOURO;16.360,55;16.360,55;18.918,51
2019;5;40.10.3.1.91.13.12.361.0003.2.012.01.220000;Secretaria de Educação e Cidadania;EDUCAÇÃO;ENSINO FUNDAMENTAL;OBRIGAÇÕES PATRONAIS;TESOURO;281.236,28;281.236,28;281.236,28
2019;5;40.10.3.1.91.13.12.361.0003.2.013.01.220000;Secretaria de Educação e Cidadania;EDUCAÇÃO;ENSINO FUNDAMENTAL;OBRIGAÇÕES PATRONAIS;TESOURO;159.529,62;159.529,62;159.529,62
2019;5;40.10.3.1.91.13.12.363.0003.2.018.01.200000;Secretaria de Educação e Cidadania;EDUCAÇÃO;ENSINO PROFISSIONAL;OBRIGAÇÕES PATRONAIS;TESOURO;24.822,66;24.822,66;24.822,66
2019;5;40.10.3.1.91.13.12.365.0003.2.054.01.212000;Secretaria de Educação e Cidadania;EDUCAÇÃO;EDUCAÇÃO INFANTIL;OBRIGAÇÕES PATRONAIS;TESOURO;122.072,70;122.072,70;122.072,70
2019;5;40.10.3.1.91.13.12.365.0003.2.054.01.213000;Secretaria de Educação e Cidadania;EDUCAÇÃO;EDUCAÇÃO INFANTIL;OBRIGAÇÕES PATRONAIS;TESOURO;244.896,24;244.896,24;244.896,24
2019;5;40.10.3.3.50.43.12.365.0003.2.028.01.210000;Secretaria de Educação e Cidadania;EDUCAÇÃO;EDUCAÇÃO INFANTIL;SUBVENÇÕES SOCIAIS;TESOURO;61.252,44;259.910,91;3.030.761,77
2019;5;40.10.3.3.50.43.12.365.0003.2.028.05.210032;Secretaria de Educação e Cidadania;EDUCAÇÃO;EDUCAÇÃO INFANTIL;SUBVENÇÕES SOCIAIS;TRANSFERENCIAS E CONVENIOS FEDERAIS - VINCULADOS;230.320,58;0;0
2019;5;40.10.3.3.90.14.12.361.0003.2.012.01.220000;Secretaria de Educação e Cidadania;EDUCAÇÃO;ENSINO FUNDAMENTAL;DIÁRIAS - PESSOAL CIVIL;TESOURO;-1.600,00;-1.600,00;-1.600,00
2019;5;40.10.3.3.90.30.04.122.0003.2.053.01.220103;Secretaria de Educação e Cidadania;ADMINISTRAÇÃO;ADMINISTRAÇÃO GERAL;MATERIAL DE CONSUMO;TESOURO;0;5.275,90;1.275,90
2019;5;40.10.3.3.90.30.12.306.0003.2.025.05.212032;Secretaria de Educação e Cidadania;EDUCAÇÃO;ALIMENTAÇÃO E NUTRIÇÃO;MATERIAL DE CONSUMO;TRANSFERENCIAS E CONVENIOS FEDERAIS - VINCULADOS;0;0;255.384,39
2019;5;40.10.3.3.90.30.12.306.0003.2.025.05.213032;Secretaria de Educação e Cidadania;EDUCAÇÃO;ALIMENTAÇÃO E NUTRIÇÃO;MATERIAL DE CONSUMO;TRANSFERENCIAS E CONVENIOS FEDERAIS - VINCULADOS;0;0;333.269,50
2019;5;40.10.3.3.90.30.12.306.0003.2.025.05.220011;Secretaria de Educação e Cidadania;EDUCAÇÃO;ALIMENTAÇÃO E NUTRIÇÃO;MATERIAL DE CONSUMO;TRANSFERENCIAS E CONVENIOS FEDERAIS - VINCULADOS;616.821,84;758.684,58;324.741,21
2019;5;40.10.3.3.90.30.12.306.0003.2.025.05.220032;Secretaria de Educação e Cidadania;EDUCAÇÃO;ALIMENTAÇÃO E NUTRIÇÃO;MATERIAL DE CONSUMO;TRANSFERENCIAS E CONVENIOS FEDERAIS - VINCULADOS;0;9.392,00;675.359,93
2019;5;40.10.3.3.90.30.12.361.0003.2.012.01.220000;Secretaria de Educação e Cidadania;EDUCAÇÃO;ENSINO FUNDAMENTAL;MATERIAL DE CONSUMO;TESOURO;2.993,62;42.970,30;37.393,66
2019;5;40.10.3.3.90.30.12.361.0003.2.013.01.220000;Secretaria de Educação e Cidadania;EDUCAÇÃO;ENSINO FUNDAMENTAL;MATERIAL DE CONSUMO;TESOURO;140.879,58;498.277,57;82.576,17
2019;5;40.10.3.3.90.30.12.361.0003.2.013.05.220032;Secretaria de Educação e Cidadania;EDUCAÇÃO;ENSINO FUNDAMENTAL;MATERIAL DE CONSUMO;TRANSFERENCIAS E CONVENIOS FEDERAIS - VINCULADOS;780.369,63;186.505,58;88.216,26
2019;5;40.10.3.3.90.30.12.361.0003.2.013.05.220120;Secretaria de Educação e Cidadania;EDUCAÇÃO;ENSINO FUNDAMENTAL;MATERIAL DE CONSUMO;TRANSFERENCIAS E CONVENIOS FEDERAIS - VINCULADOS;9.075,00;0;6.125,00
2019;5;40.10.3.3.90.30.12.361.0003.2.013.05.220126;Secretaria de Educação e Cidadania;EDUCAÇÃO;ENSINO FUNDAMENTAL;MATERIAL DE CONSUMO;TRANSFERENCIAS E CONVENIOS FEDERAIS - VINCULADOS;-619.998,80;0;0
2019;5;40.10.3.3.90.30.12.365.0003.2.054.01.212000;Secretaria de Educação e Cidadania;EDUCAÇÃO;EDUCAÇÃO INFANTIL;MATERIAL DE CONSUMO;TESOURO;0;54.226,50;41.080,99
2019;5;40.10.3.3.90.30.12.365.0003.2.054.01.213000;Secretaria de Educação e Cidadania;EDUCAÇÃO;EDUCAÇÃO INFANTIL;MATERIAL DE CONSUMO;TESOURO;16.017,50;14.517,50;0
2019;5;40.10.3.3.90.30.12.365.0003.2.054.05.212087;Secretaria de Educação e Cidadania;EDUCAÇÃO;EDUCAÇÃO INFANTIL;MATERIAL DE CONSUMO;TRANSFERENCIAS E CONVENIOS FEDERAIS - VINCULADOS;481.755,00;293.324,00;35.684,00
2019;5;40.10.3.3.90.30.12.365.0003.2.054.05.212116;Secretaria de Educação e Cidadania;EDUCAÇÃO;EDUCAÇÃO INFANTIL;MATERIAL DE CONSUMO;TRANSFERENCIAS E CONVENIOS FEDERAIS - VINCULADOS;734.696,60;99.729,00;13.860,00
2019;5;40.10.3.3.90.36.12.361.0003.2.012.01.220000;Secretaria de Educação e Cidadania;EDUCAÇÃO;ENSINO FUNDAMENTAL;OUTROS SERVIÇOS DE TERCEIROS - PESSOA FÍSICA;TESOURO;241.130,77;1.130,77;1.130,77
2019;5;40.10.3.3.90.36.12.361.0003.2.013.01.220000;Secretaria de Educação e Cidadania;EDUCAÇÃO;ENSINO FUNDAMENTAL;OUTROS SERVIÇOS DE TERCEIROS - PESSOA FÍSICA;TESOURO;3.381.074,53;18.495,53;3.788,78
2019;5;40.10.3.3.90.36.12.361.0003.2.026.01.220000;Secretaria de Educação e Cidadania;EDUCAÇÃO;ENSINO FUNDAMENTAL;OUTROS SERVIÇOS DE TERCEIROS - PESSOA FÍSICA;TESOURO;0;161.378,09;161.378,09
2019;5;40.10.3.3.90.36.12.361.0003.2.026.02.220013;Secretaria de Educação e Cidadania;EDUCAÇÃO;ENSINO FUNDAMENTAL;OUTROS SERVIÇOS DE TERCEIROS - PESSOA FÍSICA;TRANSFERENCIAS E CONVENIOS ESTADUAIS - VINCULADOS;6.859,20;1.299.256,30;1.275.165,12
2019;5;40.10.3.3.90.36.12.361.0003.2.026.05.220007;Secretaria de Educação e Cidadania;EDUCAÇÃO;ENSINO FUNDAMENTAL;OUTROS SERVIÇOS DE TERCEIROS - PESSOA FÍSICA;TRANSFERENCIAS E CONVENIOS FEDERAIS - VINCULADOS;0;124.934,50;112.615,90
2019;5;40.10.3.3.90.36.12.365.0003.2.054.01.212000;Secretaria de Educação e Cidadania;EDUCAÇÃO;EDUCAÇÃO INFANTIL;OUTROS SERVIÇOS DE TERCEIROS - PESSOA FÍSICA;TESOURO;1.319.688,01;688,01;688,01
2019;5;40.10.3.3.90.36.12.365.0003.2.054.01.213000;Secretaria de Educação e Cidadania;EDUCAÇÃO;EDUCAÇÃO INFANTIL;OUTROS SERVIÇOS DE TERCEIROS - PESSOA FÍSICA;TESOURO;3.001.240,05;1.240,05;1.551,36
2019;5;40.10.3.3.90.37.12.361.0003.2.013.01.220000;Secretaria de Educação e Cidadania;EDUCAÇÃO;ENSINO FUNDAMENTAL;LOCAÇÃO DE MÃO-DE-OBRA;TESOURO;-970.000,00;2.617.778,28;2.301.984,36
2019;5;40.10.3.3.90.39.04.122.0003.2.024.01.220000;Secretaria de Educação e Cidadania;ADMINISTRAÇÃO;ADMINISTRAÇÃO GERAL;OUTROS SERVIÇOS DE TERCEIROS -  PESSOA JURÍDICA;TESOURO;58.071,91;58.071,91;58.071,91
2019;5;40.10.3.3.90.39.04.122.0003.2.053.01.220103;Secretaria de Educação e Cidadania;ADMINISTRAÇÃO;ADMINISTRAÇÃO GERAL;OUTROS SERVIÇOS DE TERCEIROS -  PESSOA JURÍDICA;TESOURO;464.203,68;862.502,68;465.125,09
2019;5;40.10.3.3.90.39.12.306.0003.2.025.05.212032;Secretaria de Educação e Cidadania;EDUCAÇÃO;ALIMENTAÇÃO E NUTRIÇÃO;OUTROS SERVIÇOS DE TERCEIROS -  PESSOA JURÍDICA;TRANSFERENCIAS E CONVENIOS FEDERAIS - VINCULADOS;0;0;253.720,19
2019;5;40.10.3.3.90.39.12.306.0003.2.025.05.213032;Secretaria de Educação e Cidadania;EDUCAÇÃO;ALIMENTAÇÃO E NUTRIÇÃO;OUTROS SERVIÇOS DE TERCEIROS -  PESSOA JURÍDICA;TRANSFERENCIAS E CONVENIOS FEDERAIS - VINCULADOS;0;0;308.375,86
2019;5;40.10.3.3.90.39.12.306.0003.2.025.05.220032;Secretaria de Educação e Cidadania;EDUCAÇÃO;ALIMENTAÇÃO E NUTRIÇÃO;OUTROS SERVIÇOS DE TERCEIROS -  PESSOA JURÍDICA;TRANSFERENCIAS E CONVENIOS FEDERAIS - VINCULADOS;0;0;749.098,15
2019;5;40.10.3.3.90.39.12.361.0003.2.007.01.220000;Secretaria de Educação e Cidadania;EDUCAÇÃO;ENSINO FUNDAMENTAL;OUTROS SERVIÇOS DE TERCEIROS -  PESSOA JURÍDICA;TESOURO;36.150,00;798.279,79;285.557,46
2019;5;40.10.3.3.90.39.12.361.0003.2.012.01.220000;Secretaria de Educação e Cidadania;EDUCAÇÃO;ENSINO FUNDAMENTAL;OUTROS SERVIÇOS DE TERCEIROS -  PESSOA JURÍDICA;TESOURO;22.457,00;418.685,72;144.748,23
2019;5;40.10.3.3.90.39.12.361.0003.2.013.01.220000;Secretaria de Educação e Cidadania;EDUCAÇÃO;ENSINO FUNDAMENTAL;OUTROS SERVIÇOS DE TERCEIROS -  PESSOA JURÍDICA;TESOURO;140.714,40;3.592.178,31;2.460.105,79
2019;5;40.10.3.3.90.39.12.361.0003.2.013.05.220032;Secretaria de Educação e Cidadania;EDUCAÇÃO;ENSINO FUNDAMENTAL;OUTROS SERVIÇOS DE TERCEIROS -  PESSOA JURÍDICA;TRANSFERENCIAS E CONVENIOS FEDERAIS - VINCULADOS;76.850,33;72.695,36;42.881,36
2019;5;40.10.3.3.90.39.12.361.0003.2.026.01.220000;Secretaria de Educação e Cidadania;EDUCAÇÃO;ENSINO FUNDAMENTAL;OUTROS SERVIÇOS DE TERCEIROS -  PESSOA JURÍDICA;TESOURO;321,86;321,86;44.080,79
2019;5;40.10.3.3.90.39.12.361.0003.2.026.02.220013;Secretaria de Educação e Cidadania;EDUCAÇÃO;ENSINO FUNDAMENTAL;OUTROS SERVIÇOS DE TERCEIROS -  PESSOA JURÍDICA;TRANSFERENCIAS E CONVENIOS ESTADUAIS - VINCULADOS;745.671,00;121.108,97;121.108,97
2019;5;40.10.3.3.90.39.12.363.0003.2.018.01.200000;Secretaria de Educação e Cidadania;EDUCAÇÃO;ENSINO PROFISSIONAL;OUTROS SERVIÇOS DE TERCEIROS -  PESSOA JURÍDICA;TESOURO;0;42.300,01;41.860,00
2019;5;40.10.3.3.90.39.12.365.0003.2.054.01.212000;Secretaria de Educação e Cidadania;EDUCAÇÃO;EDUCAÇÃO INFANTIL;OUTROS SERVIÇOS DE TERCEIROS -  PESSOA JURÍDICA;TESOURO;52.221,28;1.544.470,93;1.138.075,05
2019;5;40.10.3.3.90.39.12.365.0003.2.054.01.213000;Secretaria de Educação e Cidadania;EDUCAÇÃO;EDUCAÇÃO INFANTIL;OUTROS SERVIÇOS DE TERCEIROS -  PESSOA JURÍDICA;TESOURO;40.931,40;1.742.586,18;1.251.241,27
2019;5;40.10.3.3.90.39.12.365.0003.2.054.05.212087;Secretaria de Educação e Cidadania;EDUCAÇÃO;EDUCAÇÃO INFANTIL;OUTROS SERVIÇOS DE TERCEIROS -  PESSOA JURÍDICA;TRANSFERENCIAS E CONVENIOS FEDERAIS - VINCULADOS;45.340,00;0;0
2019;5;40.10.3.3.90.46.12.361.0003.2.012.01.220000;Secretaria de Educação e Cidadania;EDUCAÇÃO;ENSINO FUNDAMENTAL;AUXÍLIO ALIMENTAÇÃO;TESOURO;45.471,82;45.471,82;1.001,16
2019;5;40.10.3.3.90.46.12.361.0003.2.013.01.220000;Secretaria de Educação e Cidadania;EDUCAÇÃO;ENSINO FUNDAMENTAL;AUXÍLIO ALIMENTAÇÃO;TESOURO;568.253,16;568.253,16;21.303,68
2019;5;40.10.3.3.90.46.12.363.0003.2.018.01.200000;Secretaria de Educação e Cidadania;EDUCAÇÃO;ENSINO PROFISSIONAL;AUXÍLIO ALIMENTAÇÃO;TESOURO;2.347,48;2.347,48;0
2019;5;40.10.3.3.90.46.12.365.0003.2.054.01.212000;Secretaria de Educação e Cidadania;EDUCAÇÃO;EDUCAÇÃO INFANTIL;AUXÍLIO ALIMENTAÇÃO;TESOURO;165.016,40;165.016,40;8.808,52
2019;5;40.10.3.3.90.46.12.365.0003.2.054.01.213000;Secretaria de Educação e Cidadania;EDUCAÇÃO;EDUCAÇÃO INFANTIL;AUXÍLIO ALIMENTAÇÃO;TESOURO;481.691,68;481.691,68;12.983,24
2019;5;40.10.3.3.90.92.12.361.0003.2.007.01.220000;Secretaria de Educação e Cidadania;EDUCAÇÃO;ENSINO FUNDAMENTAL;DESPESAS DE EXERCÍCIOS ANTERIORES;TESOURO;37.123,57;22.177,48;22.177,48
2019;5;40.10.4.4.90.51.12.361.0003.1.015.01.220000;Secretaria de Educação e Cidadania;EDUCAÇÃO;ENSINO FUNDAMENTAL;OBRAS E INSTALAÇÕES;TESOURO;729.354,54;323.062,57;651.175,88
2019;5;40.10.4.4.90.51.12.365.0003.1.014.01.212000;Secretaria de Educação e Cidadania;EDUCAÇÃO;EDUCAÇÃO INFANTIL;OBRAS E INSTALAÇÕES;TESOURO;-150.229,51;287.856,21;513.612,54
2019;5;40.10.4.4.90.51.12.365.0003.1.014.01.213000;Secretaria de Educação e Cidadania;EDUCAÇÃO;EDUCAÇÃO INFANTIL;OBRAS E INSTALAÇÕES;TESOURO;-82.070,37;554.846,40;453.867,55
2019;5;40.10.4.4.90.52.04.122.0003.2.053.01.220103;Secretaria de Educação e Cidadania;ADMINISTRAÇÃO;ADMINISTRAÇÃO GERAL;EQUIPAMENTOS E MATERIAL PERMANENTE;TESOURO;83.902,60;5.014,38;0
2019;5;40.10.4.4.90.52.12.306.0003.2.025.05.220032;Secretaria de Educação e Cidadania;EDUCAÇÃO;ALIMENTAÇÃO E NUTRIÇÃO;EQUIPAMENTOS E MATERIAL PERMANENTE;TRANSFERENCIAS E CONVENIOS FEDERAIS - VINCULADOS;7.144,00;11.059,00;4.829,00
2019;5;40.10.4.4.90.52.12.361.0003.2.013.01.220000;Secretaria de Educação e Cidadania;EDUCAÇÃO;ENSINO FUNDAMENTAL;EQUIPAMENTOS E MATERIAL PERMANENTE;TESOURO;689.415,94;582.589,22;23.433,00
2019;5;40.10.4.4.90.52.12.365.0003.2.054.01.212000;Secretaria de Educação e Cidadania;EDUCAÇÃO;EDUCAÇÃO INFANTIL;EQUIPAMENTOS E MATERIAL PERMANENTE;TESOURO;92.984,92;0;21.572,00
2019;5;40.10.4.4.90.52.12.365.0003.2.054.01.213000;Secretaria de Educação e Cidadania;EDUCAÇÃO;EDUCAÇÃO INFANTIL;EQUIPAMENTOS E MATERIAL PERMANENTE;TESOURO;612.216,02;15.050,00;77.278,80
2019;5;40.10.4.4.90.52.12.365.0003.2.054.05.220126;Secretaria de Educação e Cidadania;EDUCAÇÃO;EDUCAÇÃO INFANTIL;EQUIPAMENTOS E MATERIAL PERMANENTE;TRANSFERENCIAS E CONVENIOS FEDERAIS - VINCULADOS;1.436,00;0;0
2019;5;40.20.3.1.90.04.12.361.0003.2.021.02.261000;Secretaria de Educação e Cidadania;EDUCAÇÃO;ENSINO FUNDAMENTAL;CONTRATAÇÃO POR TEMPO DETERMINADO;TRANSFERENCIAS E CONVENIOS ESTADUAIS - VINCULADOS;333.228,90;333.228,90;333.228,90
2019;5;40.20.3.1.90.04.12.365.0003.2.022.02.272000;Secretaria de Educação e Cidadania;EDUCAÇÃO;EDUCAÇÃO INFANTIL;CONTRATAÇÃO POR TEMPO DETERMINADO;TRANSFERENCIAS E CONVENIOS ESTADUAIS - VINCULADOS;115.140,03;115.140,03;115.140,03
2019;5;40.20.3.1.90.04.12.365.0003.2.023.02.271000;Secretaria de Educação e Cidadania;EDUCAÇÃO;EDUCAÇÃO INFANTIL;CONTRATAÇÃO POR TEMPO DETERMINADO;TRANSFERENCIAS E CONVENIOS ESTADUAIS - VINCULADOS;31.030,45;31.030,45;31.030,45
2019;5;40.20.3.1.90.11.12.361.0003.2.021.02.261000;Secretaria de Educação e Cidadania;EDUCAÇÃO;ENSINO FUNDAMENTAL;VENCIMENTOS E VANTAGENS FIXAS -  PESSOAL CIVIL;TRANSFERENCIAS E CONVENIOS ESTADUAIS - VINCULADOS;1.815.723,48;1.815.723,48;1.815.723,48
2019;5;40.20.3.1.90.11.12.361.0003.2.021.02.262000;Secretaria de Educação e Cidadania;EDUCAÇÃO;ENSINO FUNDAMENTAL;VENCIMENTOS E VANTAGENS FIXAS -  PESSOAL CIVIL;TRANSFERENCIAS E CONVENIOS ESTADUAIS - VINCULADOS;284.836,73;284.836,73;284.836,73
2019;5;40.20.3.1.90.11.12.365.0003.2.022.02.272000;Secretaria de Educação e Cidadania;EDUCAÇÃO;EDUCAÇÃO INFANTIL;VENCIMENTOS E VANTAGENS FIXAS -  PESSOAL CIVIL;TRANSFERENCIAS E CONVENIOS ESTADUAIS - VINCULADOS;1.236.032,12;1.236.032,12;1.236.032,12
2019;5;40.20.3.1.90.11.12.365.0003.2.023.02.271000;Secretaria de Educação e Cidadania;EDUCAÇÃO;EDUCAÇÃO INFANTIL;VENCIMENTOS E VANTAGENS FIXAS -  PESSOAL CIVIL;TRANSFERENCIAS E CONVENIOS ESTADUAIS - VINCULADOS;268.839,02;268.839,02;268.839,02
2019;5;40.20.3.1.90.13.12.361.0003.2.021.02.261000;Secretaria de Educação e Cidadania;EDUCAÇÃO;ENSINO FUNDAMENTAL;OBRIGAÇÕES PATRONAIS;TRANSFERENCIAS E CONVENIOS ESTADUAIS - VINCULADOS;308.488,02;308.488,02;308.488,02
2019;5;40.20.3.1.90.13.12.365.0003.2.022.02.272000;Secretaria de Educação e Cidadania;EDUCAÇÃO;EDUCAÇÃO INFANTIL;OBRIGAÇÕES PATRONAIS;TRANSFERENCIAS E CONVENIOS ESTADUAIS - VINCULADOS;136.719,58;136.719,58;136.719,58
2019;5;40.20.3.1.90.13.12.365.0003.2.023.02.271000;Secretaria de Educação e Cidadania;EDUCAÇÃO;EDUCAÇÃO INFANTIL;OBRIGAÇÕES PATRONAIS;TRANSFERENCIAS E CONVENIOS ESTADUAIS - VINCULADOS;62.805,77;62.805,77;62.805,77
2019;5;40.20.3.1.90.16.12.361.0003.2.021.02.261000;Secretaria de Educação e Cidadania;EDUCAÇÃO;ENSINO FUNDAMENTAL;OUTRAS DESPESAS VARIÁVEIS - PESSOAL CIVIL;TRANSFERENCIAS E CONVENIOS ESTADUAIS - VINCULADOS;627,42;627,42;627,42
2019;5;40.20.3.1.90.94.12.361.0003.2.021.02.261000;Secretaria de Educação e Cidadania;EDUCAÇÃO;ENSINO FUNDAMENTAL;INDENIZAÇÕES E RESTITUIÇÕES TRABALHISTAS;TRANSFERENCIAS E CONVENIOS ESTADUAIS - VINCULADOS;106.627,84;106.627,84;107.135,17
2019;5;40.20.3.1.90.94.12.365.0003.2.022.02.272000;Secretaria de Educação e Cidadania;EDUCAÇÃO;EDUCAÇÃO INFANTIL;INDENIZAÇÕES E RESTITUIÇÕES TRABALHISTAS;TRANSFERENCIAS E CONVENIOS ESTADUAIS - VINCULADOS;68.833,15;68.833,15;69.417,36
2019;5;40.20.3.1.90.94.12.365.0003.2.023.02.271000;Secretaria de Educação e Cidadania;EDUCAÇÃO;EDUCAÇÃO INFANTIL;INDENIZAÇÕES E RESTITUIÇÕES TRABALHISTAS;TRANSFERENCIAS E CONVENIOS ESTADUAIS - VINCULADOS;19.086,47;19.086,47;24.791,93
2019;5;40.20.3.1.91.13.12.361.0003.2.021.02.261000;Secretaria de Educação e Cidadania;EDUCAÇÃO;ENSINO FUNDAMENTAL;OBRIGAÇÕES PATRONAIS;TRANSFERENCIAS E CONVENIOS ESTADUAIS - VINCULADOS;1.965.735,16;1.965.735,16;1.965.735,16
2019;5;40.20.3.1.91.13.12.365.0003.2.022.02.272000;Secretaria de Educação e Cidadania;EDUCAÇÃO;EDUCAÇÃO INFANTIL;OBRIGAÇÕES PATRONAIS;TRANSFERENCIAS E CONVENIOS ESTADUAIS - VINCULADOS;1.208.333,02;1.208.333,02;1.208.333,02
2019;5;40.20.3.1.91.13.12.365.0003.2.023.02.271000;Secretaria de Educação e Cidadania;EDUCAÇÃO;EDUCAÇÃO INFANTIL;OBRIGAÇÕES PATRONAIS;TRANSFERENCIAS E CONVENIOS ESTADUAIS - VINCULADOS;295.704,30;295.704,30;295.704,30
2019;5;40.20.4.4.90.51.12.361.0003.1.015.02.262000;Secretaria de Educação e Cidadania;EDUCAÇÃO;ENSINO FUNDAMENTAL;OBRAS E INSTALAÇÕES;TRANSFERENCIAS E CONVENIOS ESTADUAIS - VINCULADOS;-749.583,51;113.790,46;113.790,46
2019;5;40.20.4.4.90.51.12.365.0003.1.014.02.274000;Secretaria de Educação e Cidadania;EDUCAÇÃO;EDUCAÇÃO INFANTIL;OBRAS E INSTALAÇÕES;TRANSFERENCIAS E CONVENIOS ESTADUAIS - VINCULADOS;1.028.755,65;0;0
2019;5;45.10.3.1.90.11.27.812.0004.2.002.01.110000;Secretaria de Esporte e Qualidade de Vida;DESPORTO E LAZER;DESPORTO COMUNITÁRIO;VENCIMENTOS E VANTAGENS FIXAS -  PESSOAL CIVIL;TESOURO;147.643,64;147.643,64;147.643,64
2019;5;45.10.3.3.50.39.27.812.0004.2.029.01.110000;Secretaria de Esporte e Qualidade de Vida;DESPORTO E LAZER;DESPORTO COMUNITÁRIO;OUTROS SERVIÇOS DE TERCEIROS -PESSOA JURÍDICA;TESOURO;-800;1.862.967,84;1.862.967,84
2019;5;45.10.3.3.90.30.27.812.0004.2.002.01.110000;Secretaria de Esporte e Qualidade de Vida;DESPORTO E LAZER;DESPORTO COMUNITÁRIO;MATERIAL DE CONSUMO;TESOURO;-2.594,38;-2.594,38;-2.594,38
2019;5;45.10.3.3.90.30.27.812.0004.2.029.01.110000;Secretaria de Esporte e Qualidade de Vida;DESPORTO E LAZER;DESPORTO COMUNITÁRIO;MATERIAL DE CONSUMO;TESOURO;31.407,36;49.266,28;27.477,95
2019;5;45.10.3.3.90.36.27.812.0004.2.029.01.110000;Secretaria de Esporte e Qualidade de Vida;DESPORTO E LAZER;DESPORTO COMUNITÁRIO;OUTROS SERVIÇOS DE TERCEIROS - PESSOA FÍSICA;TESOURO;129.228,90;135.553,90;109.158,70
2019;5;45.10.3.3.90.39.27.812.0004.2.002.01.110000;Secretaria de Esporte e Qualidade de Vida;DESPORTO E LAZER;DESPORTO COMUNITÁRIO;OUTROS SERVIÇOS DE TERCEIROS -  PESSOA JURÍDICA;TESOURO;-20.015,59;3.383,82;4.916,22
2019;5;45.10.3.3.90.39.27.812.0004.2.029.01.110000;Secretaria de Esporte e Qualidade de Vida;DESPORTO E LAZER;DESPORTO COMUNITÁRIO;OUTROS SERVIÇOS DE TERCEIROS -  PESSOA JURÍDICA;TESOURO;68.104,84;240.173,22;149.873,56
2019;5;45.10.3.3.90.39.27.812.0004.2.029.03.100014;Secretaria de Esporte e Qualidade de Vida;DESPORTO E LAZER;DESPORTO COMUNITÁRIO;OUTROS SERVIÇOS DE TERCEIROS -  PESSOA JURÍDICA;RECURSOS PROPRIOS DE FUNDOS ESPECIAIS DE DESPESA - VINCULADOS;241.846,00;218.848,62;154.021,95
2019;5;45.10.3.3.90.48.27.812.0004.2.029.01.110000;Secretaria de Esporte e Qualidade de Vida;DESPORTO E LAZER;DESPORTO COMUNITÁRIO;OUTROS AUXÍLIOS FINANCEIROS A PESSOA FÍSICA;TESOURO;462.665,11;462.665,11;408.295,11
2019;5;45.10.3.3.90.48.27.812.0004.2.029.03.100014;Secretaria de Esporte e Qualidade de Vida;DESPORTO E LAZER;DESPORTO COMUNITÁRIO;OUTROS AUXÍLIOS FINANCEIROS A PESSOA FÍSICA;RECURSOS PROPRIOS DE FUNDOS ESPECIAIS DE DESPESA - VINCULADOS;6.865,54;48.809,12;39.491,57
2019;5;45.10.3.3.90.93.27.812.0004.2.029.01.110000;Secretaria de Esporte e Qualidade de Vida;DESPORTO E LAZER;DESPORTO COMUNITÁRIO;INDENIZAÇÕES E RESTITUIÇÕES;TESOURO;0;11.859,18;0
2019;5;45.10.4.4.90.51.27.812.0004.2.029.01.140000;Secretaria de Esporte e Qualidade de Vida;DESPORTO E LAZER;DESPORTO COMUNITÁRIO;OBRAS E INSTALAÇÕES;TESOURO;0;491.663,22;118.880,33
2019;5;45.10.4.4.90.52.27.812.0004.2.002.01.110000;Secretaria de Esporte e Qualidade de Vida;DESPORTO E LAZER;DESPORTO COMUNITÁRIO;EQUIPAMENTOS E MATERIAL PERMANENTE;TESOURO;0;32.579,92;13.798,00
2019;5;50.10.3.1.90.11.08.244.0005.2.002.01.510000;Secretaria de Apoio Social ao Cidadão;ASSISTÊNCIA SOCIAL;ASSISTÊNCIA COMUNITÁRIA;VENCIMENTOS E VANTAGENS FIXAS -  PESSOAL CIVIL;TESOURO;179.685,11;179.685,11;179.685,11
2019;5;50.10.3.3.50.43.08.244.0005.2.031.01.510000;Secretaria de Apoio Social ao Cidadão;ASSISTÊNCIA SOCIAL;ASSISTÊNCIA COMUNITÁRIA;SUBVENÇÕES SOCIAIS;TESOURO;-1.089.584,28;347.178,34;2.560.277,51
2019;5;50.10.3.3.50.43.08.244.0005.2.031.02.500041;Secretaria de Apoio Social ao Cidadão;ASSISTÊNCIA SOCIAL;ASSISTÊNCIA COMUNITÁRIA;SUBVENÇÕES SOCIAIS;TRANSFERENCIAS E CONVENIOS ESTADUAIS - VINCULADOS;0;37.329,65;88.325,94
2019;5;50.10.3.3.50.43.08.244.0005.2.031.05.500042;Secretaria de Apoio Social ao Cidadão;ASSISTÊNCIA SOCIAL;ASSISTÊNCIA COMUNITÁRIA;SUBVENÇÕES SOCIAIS;TRANSFERENCIAS E CONVENIOS FEDERAIS - VINCULADOS;390.196,98;160.000,00;313.150,80
2019;5;50.10.3.3.90.14.08.244.0005.2.002.01.510000;Secretaria de Apoio Social ao Cidadão;ASSISTÊNCIA SOCIAL;ASSISTÊNCIA COMUNITÁRIA;DIÁRIAS - PESSOAL CIVIL;TESOURO;600;600;600
2019;5;50.10.3.3.90.30.08.244.0005.2.002.01.510000;Secretaria de Apoio Social ao Cidadão;ASSISTÊNCIA SOCIAL;ASSISTÊNCIA COMUNITÁRIA;MATERIAL DE CONSUMO;TESOURO;1.015,44;21.386,01;9.487,05
2019;5;50.10.3.3.90.30.08.244.0005.2.031.01.510000;Secretaria de Apoio Social ao Cidadão;ASSISTÊNCIA SOCIAL;ASSISTÊNCIA COMUNITÁRIA;MATERIAL DE CONSUMO;TESOURO;0;733,3;615
2019;5;50.10.3.3.90.30.08.244.0005.2.031.05.500042;Secretaria de Apoio Social ao Cidadão;ASSISTÊNCIA SOCIAL;ASSISTÊNCIA COMUNITÁRIA;MATERIAL DE CONSUMO;TRANSFERENCIAS E CONVENIOS FEDERAIS - VINCULADOS;-7.871,23;21.266,93;20.889,07
2019;5;50.10.3.3.90.32.08.244.0005.2.030.01.510000;Secretaria de Apoio Social ao Cidadão;ASSISTÊNCIA SOCIAL;ASSISTÊNCIA COMUNITÁRIA;MATERIAL, BEM OU SERVIÇO PARA DISTRIBUIÇÃO GRATUITA;TESOURO;102.980,68;0;0
2019;5;50.10.3.3.90.32.08.244.0005.2.031.01.510000;Secretaria de Apoio Social ao Cidadão;ASSISTÊNCIA SOCIAL;ASSISTÊNCIA COMUNITÁRIA;MATERIAL, BEM OU SERVIÇO PARA DISTRIBUIÇÃO GRATUITA;TESOURO;49.577,97;8.673,41;7.765,21
2019;5;50.10.3.3.90.36.08.244.0005.2.031.01.510000;Secretaria de Apoio Social ao Cidadão;ASSISTÊNCIA SOCIAL;ASSISTÊNCIA COMUNITÁRIA;OUTROS SERVIÇOS DE TERCEIROS - PESSOA FÍSICA;TESOURO;0;0;63.714,87
2019;5;50.10.3.3.90.39.08.244.0005.2.002.01.510000;Secretaria de Apoio Social ao Cidadão;ASSISTÊNCIA SOCIAL;ASSISTÊNCIA COMUNITÁRIA;OUTROS SERVIÇOS DE TERCEIROS -  PESSOA JURÍDICA;TESOURO;153.981,99;121.997,00;212.546,21
2019;5;50.10.3.3.90.39.08.244.0005.2.030.01.510000;Secretaria de Apoio Social ao Cidadão;ASSISTÊNCIA SOCIAL;ASSISTÊNCIA COMUNITÁRIA;OUTROS SERVIÇOS DE TERCEIROS -  PESSOA JURÍDICA;TESOURO;48.118,00;0;0
2019;5;50.10.3.3.90.39.08.244.0005.2.031.01.510000;Secretaria de Apoio Social ao Cidadão;ASSISTÊNCIA SOCIAL;ASSISTÊNCIA COMUNITÁRIA;OUTROS SERVIÇOS DE TERCEIROS -  PESSOA JURÍDICA;TESOURO;43.742,29;47.030,29;33.929,29
2019;5;50.10.3.3.90.39.08.244.0005.2.031.02.500041;Secretaria de Apoio Social ao Cidadão;ASSISTÊNCIA SOCIAL;ASSISTÊNCIA COMUNITÁRIA;OUTROS SERVIÇOS DE TERCEIROS -  PESSOA JURÍDICA;TRANSFERENCIAS E CONVENIOS ESTADUAIS - VINCULADOS;87.668,06;83.724,12;56.781,66
2019;5;50.10.3.3.90.39.08.244.0005.2.031.05.500042;Secretaria de Apoio Social ao Cidadão;ASSISTÊNCIA SOCIAL;ASSISTÊNCIA COMUNITÁRIA;OUTROS SERVIÇOS DE TERCEIROS -  PESSOA JURÍDICA;TRANSFERENCIAS E CONVENIOS FEDERAIS - VINCULADOS;68.364,00;132.457,52;99.355,14
2019;5;50.10.3.3.90.48.08.244.0005.2.030.01.510000;Secretaria de Apoio Social ao Cidadão;ASSISTÊNCIA SOCIAL;ASSISTÊNCIA COMUNITÁRIA;OUTROS AUXÍLIOS FINANCEIROS A PESSOA FÍSICA;TESOURO;445,14;445,14;445,14
2019;5;50.10.3.3.90.48.08.244.0005.2.031.01.510000;Secretaria de Apoio Social ao Cidadão;ASSISTÊNCIA SOCIAL;ASSISTÊNCIA COMUNITÁRIA;OUTROS AUXÍLIOS FINANCEIROS A PESSOA FÍSICA;TESOURO;195.700,00;195.700,00;200.900,00
2019;5;50.10.3.3.90.92.08.244.0005.2.031.05.500042;Secretaria de Apoio Social ao Cidadão;ASSISTÊNCIA SOCIAL;ASSISTÊNCIA COMUNITÁRIA;DESPESAS DE EXERCÍCIOS ANTERIORES;TRANSFERENCIAS E CONVENIOS FEDERAIS - VINCULADOS;0;7.900,00;7.900,00
2019;5;50.10.3.3.91.37.08.244.0005.2.002.01.510000;Secretaria de Apoio Social ao Cidadão;ASSISTÊNCIA SOCIAL;ASSISTÊNCIA COMUNITÁRIA;LOCAÇÃO DE MÃO-DE-OBRA - INTRA-ORÇAMENTÁRIO;TESOURO;0;1.191.583,06;1.191.583,06
2019;5;50.10.4.4.50.42.08.244.0005.2.002.03.500072;Secretaria de Apoio Social ao Cidadão;ASSISTÊNCIA SOCIAL;ASSISTÊNCIA COMUNITÁRIA;AUXÍLIOS;RECURSOS PROPRIOS DE FUNDOS ESPECIAIS DE DESPESA - VINCULADOS;227.454,55;50.702,66;50.702,66
2019;5;50.10.4.4.90.51.08.244.0005.2.002.01.510000;Secretaria de Apoio Social ao Cidadão;ASSISTÊNCIA SOCIAL;ASSISTÊNCIA COMUNITÁRIA;OBRAS E INSTALAÇÕES;TESOURO;0;226.739,91;226.739,91
2019;5;50.10.4.4.90.52.08.244.0005.2.002.01.510000;Secretaria de Apoio Social ao Cidadão;ASSISTÊNCIA SOCIAL;ASSISTÊNCIA COMUNITÁRIA;EQUIPAMENTOS E MATERIAL PERMANENTE;TESOURO;1.035,40;0;0
2019;5;50.10.4.4.90.52.08.244.0005.2.031.05.500042;Secretaria de Apoio Social ao Cidadão;ASSISTÊNCIA SOCIAL;ASSISTÊNCIA COMUNITÁRIA;EQUIPAMENTOS E MATERIAL PERMANENTE;TRANSFERENCIAS E CONVENIOS FEDERAIS - VINCULADOS;83.027,00;24.802,40;27.828,10
2019;5;55.10.3.1.90.11.04.452.0008.2.002.01.110000;Secretaria de Manutenção da Cidade;ADMINISTRAÇÃO;SERVIÇOS URBANOS;VENCIMENTOS E VANTAGENS FIXAS -  PESSOAL CIVIL;TESOURO;419.004,91;419.004,91;419.004,91
2019;5;55.10.3.3.90.30.04.452.0008.2.002.01.110000;Secretaria de Manutenção da Cidade;ADMINISTRAÇÃO;SERVIÇOS URBANOS;MATERIAL DE CONSUMO;TESOURO;4.000,00;4.000,00;0
2019;5;55.10.3.3.90.30.15.452.0008.2.044.01.110000;Secretaria de Manutenção da Cidade;URBANISMO;SERVIÇOS URBANOS;MATERIAL DE CONSUMO;TESOURO;48.789,30;388.684,25;204.289,01
2019;5;55.10.3.3.90.39.04.452.0008.2.002.01.110000;Secretaria de Manutenção da Cidade;ADMINISTRAÇÃO;SERVIÇOS URBANOS;OUTROS SERVIÇOS DE TERCEIROS -  PESSOA JURÍDICA;TESOURO;2.000,00;24.000,00;17.000,00
2019;5;55.10.3.3.90.39.15.451.0008.2.043.03.100081;Secretaria de Manutenção da Cidade;URBANISMO;INFRA-ESTRUTURA URBANA;OUTROS SERVIÇOS DE TERCEIROS -  PESSOA JURÍDICA;RECURSOS PROPRIOS DE FUNDOS ESPECIAIS DE DESPESA - VINCULADOS;-4.539,47;1.434.022,98;159.712,05
2019;5;55.10.3.3.90.39.15.452.0008.2.044.01.110000;Secretaria de Manutenção da Cidade;URBANISMO;SERVIÇOS URBANOS;OUTROS SERVIÇOS DE TERCEIROS -  PESSOA JURÍDICA;TESOURO;428.992,08;5.338.558,44;5.600.764,33
2019;5;55.10.3.3.90.39.17.512.0008.2.045.01.110000;Secretaria de Manutenção da Cidade;SANEAMENTO;SANEAMENTO BÁSICO URBANO;OUTROS SERVIÇOS DE TERCEIROS -  PESSOA JURÍDICA;TESOURO;-111.135,00;8.902.504,16;7.665.833,46
2019;5;55.10.3.3.90.92.04.452.0008.2.002.01.110000;Secretaria de Manutenção da Cidade;ADMINISTRAÇÃO;SERVIÇOS URBANOS;DESPESAS DE EXERCÍCIOS ANTERIORES;TESOURO;0;0;15.400,00
2019;5;55.10.3.3.90.93.15.452.0008.2.044.01.110000;Secretaria de Manutenção da Cidade;URBANISMO;SERVIÇOS URBANOS;INDENIZAÇÕES E RESTITUIÇÕES;TESOURO;-5.844,00;-5.844,00;-5.844,00
2019;5;55.10.4.4.90.51.15.451.0008.2.043.03.100081;Secretaria de Manutenção da Cidade;URBANISMO;INFRA-ESTRUTURA URBANA;OBRAS E INSTALAÇÕES;RECURSOS PROPRIOS DE FUNDOS ESPECIAIS DE DESPESA - VINCULADOS;0;308.280,00;0
2019;5;55.10.4.4.90.52.04.452.0008.2.002.01.110000;Secretaria de Manutenção da Cidade;ADMINISTRAÇÃO;SERVIÇOS URBANOS;EQUIPAMENTOS E MATERIAL PERMANENTE;TESOURO;76.745,00;13.002,50;1.800,46
2019;5;60.10.3.1.90.04.10.301.0006.2.002.01.301000;Secretaria de Saúde;SAÚDE;ATENÇÃO BÁSICA;CONTRATAÇÃO POR TEMPO DETERMINADO;TESOURO;77.154,83;77.154,83;77.154,83
2019;5;60.10.3.1.90.11.10.301.0006.2.002.01.301000;Secretaria de Saúde;SAÚDE;ATENÇÃO BÁSICA;VENCIMENTOS E VANTAGENS FIXAS -  PESSOAL CIVIL;TESOURO;2.781.204,01;2.781.204,01;2.781.204,01
2019;5;60.10.3.1.90.13.10.301.0006.2.002.01.301000;Secretaria de Saúde;SAÚDE;ATENÇÃO BÁSICA;OBRIGAÇÕES PATRONAIS;TESOURO;148.901,04;148.901,04;148.901,04
2019;5;60.10.3.1.90.16.10.301.0006.2.002.01.301000;Secretaria de Saúde;SAÚDE;ATENÇÃO BÁSICA;OUTRAS DESPESAS VARIÁVEIS - PESSOAL CIVIL;TESOURO;10.714,27;10.714,27;10.714,27
2019;5;60.10.3.1.90.94.10.301.0006.2.002.01.301000;Secretaria de Saúde;SAÚDE;ATENÇÃO BÁSICA;INDENIZAÇÕES E RESTITUIÇÕES TRABALHISTAS;TESOURO;308.466,92;308.466,92;304.095,58
2019;5;60.10.3.1.91.13.10.301.0006.2.002.01.301000;Secretaria de Saúde;SAÚDE;ATENÇÃO BÁSICA;OBRIGAÇÕES PATRONAIS;TESOURO;2.890.343,28;2.890.343,28;2.890.343,28
2019;5;60.10.3.2.91.21.10.843.0006.0.004.01.310000;Secretaria de Saúde;SAÚDE;SERVIÇO DA DÍVIDA INTERNA;JUROS SOBRE A DÍVIDA POR CONTRATO - INTRA-ORÇAMENTÁRIO;TESOURO;0;77.891,17;0
2019;5;60.10.3.3.90.14.10.301.0006.2.002.01.301000;Secretaria de Saúde;SAÚDE;ATENÇÃO BÁSICA;DIÁRIAS - PESSOAL CIVIL;TESOURO;2.500,00;2.500,00;2.500,00
2019;5;60.10.3.3.90.30.10.301.0006.2.002.01.301000;Secretaria de Saúde;SAÚDE;ATENÇÃO BÁSICA;MATERIAL DE CONSUMO;TESOURO;11.590,91;72.853,08;62.144,82
2019;5;60.10.3.3.90.36.10.301.0006.2.002.01.301000;Secretaria de Saúde;SAÚDE;ATENÇÃO BÁSICA;OUTROS SERVIÇOS DE TERCEIROS - PESSOA FÍSICA;TESOURO;427,2;17.769,79;16.048,19
2019;5;60.10.3.3.90.36.10.301.0006.2.051.01.301000;Secretaria de Saúde;SAÚDE;ATENÇÃO BÁSICA;OUTROS SERVIÇOS DE TERCEIROS - PESSOA FÍSICA;TESOURO;0;10.151,40;10.151,40
2019;5;60.10.3.3.90.37.10.301.0006.2.051.01.301000;Secretaria de Saúde;SAÚDE;ATENÇÃO BÁSICA;LOCAÇÃO DE MÃO-DE-OBRA;TESOURO;591.063,91;341.153,42;341.153,42
2019;5;60.10.3.3.90.39.10.301.0006.2.002.01.301000;Secretaria de Saúde;SAÚDE;ATENÇÃO BÁSICA;OUTROS SERVIÇOS DE TERCEIROS -  PESSOA JURÍDICA;TESOURO;101.495,13;272.090,16;127.072,81
2019;5;60.10.3.3.90.39.10.301.0006.2.007.01.301000;Secretaria de Saúde;SAÚDE;ATENÇÃO BÁSICA;OUTROS SERVIÇOS DE TERCEIROS -  PESSOA JURÍDICA;TESOURO;0;115.468,29;78.427,18
2019;5;60.10.3.3.90.39.10.301.0006.2.051.01.301000;Secretaria de Saúde;SAÚDE;ATENÇÃO BÁSICA;OUTROS SERVIÇOS DE TERCEIROS -  PESSOA JURÍDICA;TESOURO;0;25.750,26;24.050,86
2019;5;60.10.3.3.90.46.10.301.0006.2.002.01.301000;Secretaria de Saúde;SAÚDE;ATENÇÃO BÁSICA;AUXÍLIO ALIMENTAÇÃO;TESOURO;384.505,76;384.505,76;2.990,32
2019;5;60.10.3.3.90.92.10.301.0006.2.002.01.301000;Secretaria de Saúde;SAÚDE;ATENÇÃO BÁSICA;DESPESAS DE EXERCÍCIOS ANTERIORES;TESOURO;0;8.400,00;8.400,00
2019;5;60.10.4.4.90.52.10.301.0006.1.010.05.301055;Secretaria de Saúde;SAÚDE;ATENÇÃO BÁSICA;EQUIPAMENTOS E MATERIAL PERMANENTE;TRANSFERENCIAS E CONVENIOS FEDERAIS - VINCULADOS;120.396,45;56.592,45;54.082,10
2019;5;60.10.4.6.91.71.10.843.0006.0.004.01.310000;Secretaria de Saúde;SAÚDE;SERVIÇO DA DÍVIDA INTERNA;PRINCIPAL DA DÍVIDA CONTRATUAL RESGATADA - INTRA-ORÇAMENTÁRIO;TESOURO;0;9.703,42;0
2019;5;60.30.3.3.50.39.10.302.0006.2.033.01.302000;Secretaria de Saúde;SAÚDE;ASSISTÊNCIA HOSPITALAR E AMBULATORIAL;OUTROS SERVIÇOS DE TERCEIROS -PESSOA JURÍDICA;TESOURO;4.050.000,00;12.151.086,24;12.151.086,24
2019;5;60.30.3.3.50.39.10.302.0006.2.033.05.302023;Secretaria de Saúde;SAÚDE;ASSISTÊNCIA HOSPITALAR E AMBULATORIAL;OUTROS SERVIÇOS DE TERCEIROS -PESSOA JURÍDICA;TRANSFERENCIAS E CONVENIOS FEDERAIS - VINCULADOS;0;2.285.851,31;2.285.851,31
2019;5;60.30.3.3.71.70.10.302.0006.2.032.01.302000;Secretaria de Saúde;SAÚDE;ASSISTÊNCIA HOSPITALAR E AMBULATORIAL;RATEIO PELA PARTICIPAÇÃO EM CONSÓRCIO PÚBLICO;TESOURO;0;678.131,87;678.131,87
2019;5;60.30.3.3.71.70.10.302.0006.2.032.05.302023;Secretaria de Saúde;SAÚDE;ASSISTÊNCIA HOSPITALAR E AMBULATORIAL;RATEIO PELA PARTICIPAÇÃO EM CONSÓRCIO PÚBLICO;TRANSFERENCIAS E CONVENIOS FEDERAIS - VINCULADOS;0;362.099,00;362.099,00
2019;5;60.50.3.3.90.30.04.304.0006.2.055.01.303000;Secretaria de Saúde;ADMINISTRAÇÃO;VIGILÂNCIA SANITÁRIA;MATERIAL DE CONSUMO;TESOURO;1.705,40;6.299,80;8.661,80
2019;5;60.50.3.3.90.30.10.301.0006.2.034.01.301000;Secretaria de Saúde;SAÚDE;ATENÇÃO BÁSICA;MATERIAL DE CONSUMO;TESOURO;52.889,16;41.972,80;28.816,62
2019;5;60.50.3.3.90.30.10.301.0006.2.034.02.301024;Secretaria de Saúde;SAÚDE;ATENÇÃO BÁSICA;MATERIAL DE CONSUMO;TRANSFERENCIAS E CONVENIOS ESTADUAIS - VINCULADOS;746.350,86;1.003.247,93;178.098,89
2019;5;60.50.3.3.90.30.10.301.0006.2.034.05.301022;Secretaria de Saúde;SAÚDE;ATENÇÃO BÁSICA;MATERIAL DE CONSUMO;TRANSFERENCIAS E CONVENIOS FEDERAIS - VINCULADOS;944.460,79;869.319,48;524.243,98
2019;5;60.50.3.3.90.30.10.301.0006.2.034.05.301053;Secretaria de Saúde;SAÚDE;ATENÇÃO BÁSICA;MATERIAL DE CONSUMO;TRANSFERENCIAS E CONVENIOS FEDERAIS - VINCULADOS;0;2.118,90;702,5
2019;5;60.50.3.3.90.30.10.303.0006.2.036.01.304000;Secretaria de Saúde;SAÚDE;SUPORTE PROFILÁTICO E TERAPÊUTICO;MATERIAL DE CONSUMO;TESOURO;28.736,20;61.308,48;46.137,47
2019;5;60.50.3.3.90.30.10.303.0006.2.036.05.304040;Secretaria de Saúde;SAÚDE;SUPORTE PROFILÁTICO E TERAPÊUTICO;MATERIAL DE CONSUMO;TRANSFERENCIAS E CONVENIOS FEDERAIS - VINCULADOS;3.207,40;145.825,54;220.162,34
2019;5;60.50.3.3.90.30.10.304.0006.2.037.06.320000;Secretaria de Saúde;SAÚDE;VIGILÂNCIA SANITÁRIA;MATERIAL DE CONSUMO;OUTRAS FONTES DE RECURSOS;24.000,00;0;0
2019;5;60.50.3.3.90.30.10.305.0006.2.038.01.303000;Secretaria de Saúde;SAÚDE;VIGILÂNCIA EPIDEMIOLÓGICA;MATERIAL DE CONSUMO;TESOURO;341,5;145,8;145,8
2019;5;60.50.3.3.90.30.10.305.0006.2.038.05.303019;Secretaria de Saúde;SAÚDE;VIGILÂNCIA EPIDEMIOLÓGICA;MATERIAL DE CONSUMO;TRANSFERENCIAS E CONVENIOS FEDERAIS - VINCULADOS;691,2;3.096,20;0
2019;5;60.50.3.3.90.30.10.305.0006.2.038.05.303038;Secretaria de Saúde;SAÚDE;VIGILÂNCIA EPIDEMIOLÓGICA;MATERIAL DE CONSUMO;TRANSFERENCIAS E CONVENIOS FEDERAIS - VINCULADOS;0;16.401,60;16.401,60
2019;5;60.50.3.3.90.32.10.301.0006.2.034.05.301022;Secretaria de Saúde;SAÚDE;ATENÇÃO BÁSICA;MATERIAL, BEM OU SERVIÇO PARA DISTRIBUIÇÃO GRATUITA;TRANSFERENCIAS E CONVENIOS FEDERAIS - VINCULADOS;661,48;0;0
2019;5;60.50.3.3.90.32.10.303.0006.2.036.01.304000;Secretaria de Saúde;SAÚDE;SUPORTE PROFILÁTICO E TERAPÊUTICO;MATERIAL, BEM OU SERVIÇO PARA DISTRIBUIÇÃO GRATUITA;TESOURO;254.354,03;131.127,63;75.869,34
2019;5;60.50.3.3.90.32.10.305.0006.2.038.05.303019;Secretaria de Saúde;SAÚDE;VIGILÂNCIA EPIDEMIOLÓGICA;MATERIAL, BEM OU SERVIÇO PARA DISTRIBUIÇÃO GRATUITA;TRANSFERENCIAS E CONVENIOS FEDERAIS - VINCULADOS;13.209,60;0;0
2019;5;60.50.3.3.90.36.10.301.0006.2.034.01.301000;Secretaria de Saúde;SAÚDE;ATENÇÃO BÁSICA;OUTROS SERVIÇOS DE TERCEIROS - PESSOA FÍSICA;TESOURO;0;24.981,40;21.178,40
2019;5;60.50.3.3.90.36.10.305.0006.2.038.01.303000;Secretaria de Saúde;SAÚDE;VIGILÂNCIA EPIDEMIOLÓGICA;OUTROS SERVIÇOS DE TERCEIROS - PESSOA FÍSICA;TESOURO;0;5.145,60;5.432,16
2019;5;60.50.3.3.90.37.10.301.0006.2.034.01.301000;Secretaria de Saúde;SAÚDE;ATENÇÃO BÁSICA;LOCAÇÃO DE MÃO-DE-OBRA;TESOURO;0;10.496,55;20.012,55
2019;5;60.50.3.3.90.37.10.301.0006.2.034.05.301022;Secretaria de Saúde;SAÚDE;ATENÇÃO BÁSICA;LOCAÇÃO DE MÃO-DE-OBRA;TRANSFERENCIAS E CONVENIOS FEDERAIS - VINCULADOS;3.965.277,91;555.841,41;276.585,00
2019;5;60.50.3.3.90.39.04.304.0006.2.055.01.303000;Secretaria de Saúde;ADMINISTRAÇÃO;VIGILÂNCIA SANITÁRIA;OUTROS SERVIÇOS DE TERCEIROS -  PESSOA JURÍDICA;TESOURO;13.400,00;65.951,88;91.928,83
2019;5;60.50.3.3.90.39.04.304.0006.2.060.01.303000;Secretaria de Saúde;ADMINISTRAÇÃO;VIGILÂNCIA SANITÁRIA;OUTROS SERVIÇOS DE TERCEIROS -  PESSOA JURÍDICA;TESOURO;73.440,00;53.628,00;40.308,00
2019;5;60.50.3.3.90.39.10.301.0006.2.034.01.301000;Secretaria de Saúde;SAÚDE;ATENÇÃO BÁSICA;OUTROS SERVIÇOS DE TERCEIROS -  PESSOA JURÍDICA;TESOURO;174.922,02;354.818,59;246.475,06
2019;5;60.50.3.3.90.39.10.301.0006.2.034.05.301022;Secretaria de Saúde;SAÚDE;ATENÇÃO BÁSICA;OUTROS SERVIÇOS DE TERCEIROS -  PESSOA JURÍDICA;TRANSFERENCIAS E CONVENIOS FEDERAIS - VINCULADOS;5.395,00;374.544,62;13.606,86
2019;5;60.50.3.3.90.39.10.301.0006.2.034.05.301053;Secretaria de Saúde;SAÚDE;ATENÇÃO BÁSICA;OUTROS SERVIÇOS DE TERCEIROS -  PESSOA JURÍDICA;TRANSFERENCIAS E CONVENIOS FEDERAIS - VINCULADOS;3.854,00;945;1.030,60
2019;5;60.50.3.3.90.39.10.304.0006.2.037.06.320000;Secretaria de Saúde;SAÚDE;VIGILÂNCIA SANITÁRIA;OUTROS SERVIÇOS DE TERCEIROS -  PESSOA JURÍDICA;OUTRAS FONTES DE RECURSOS;0;59.745,00;44.680,00
2019;5;60.50.3.3.90.39.10.305.0006.2.038.01.303000;Secretaria de Saúde;SAÚDE;VIGILÂNCIA EPIDEMIOLÓGICA;OUTROS SERVIÇOS DE TERCEIROS -  PESSOA JURÍDICA;TESOURO;1.240,00;137.007,63;14.450,00
2019;5;60.50.3.3.90.39.10.305.0006.2.038.05.303019;Secretaria de Saúde;SAÚDE;VIGILÂNCIA EPIDEMIOLÓGICA;OUTROS SERVIÇOS DE TERCEIROS -  PESSOA JURÍDICA;TRANSFERENCIAS E CONVENIOS FEDERAIS - VINCULADOS;6.973,33;8.604,73;11.391,36
2019;5;60.50.3.3.90.39.10.305.0006.2.038.05.303038;Secretaria de Saúde;SAÚDE;VIGILÂNCIA EPIDEMIOLÓGICA;OUTROS SERVIÇOS DE TERCEIROS -  PESSOA JURÍDICA;TRANSFERENCIAS E CONVENIOS FEDERAIS - VINCULADOS;0;303.206,86;16.503,36
2019;5;60.50.3.3.90.39.10.305.0006.2.038.06.320000;Secretaria de Saúde;SAÚDE;VIGILÂNCIA EPIDEMIOLÓGICA;OUTROS SERVIÇOS DE TERCEIROS -  PESSOA JURÍDICA;OUTRAS FONTES DE RECURSOS;0;12.230,00;12.390,00
2019;5;60.50.3.3.90.48.10.301.0006.2.034.01.301000;Secretaria de Saúde;SAÚDE;ATENÇÃO BÁSICA;OUTROS AUXÍLIOS FINANCEIROS A PESSOA FÍSICA;TESOURO;50.000,00;50.000,00;50.000,00
2019;5;60.50.3.3.90.92.10.301.0006.2.034.02.301024;Secretaria de Saúde;SAÚDE;ATENÇÃO BÁSICA;DESPESAS DE EXERCÍCIOS ANTERIORES;TRANSFERENCIAS E CONVENIOS ESTADUAIS - VINCULADOS;7.000,00;7.000,00;0
2019;5;60.50.4.4.90.52.04.304.0006.2.055.01.303000;Secretaria de Saúde;ADMINISTRAÇÃO;VIGILÂNCIA SANITÁRIA;EQUIPAMENTOS E MATERIAL PERMANENTE;TESOURO;258;0;0
2019;5;60.50.4.4.90.52.10.305.0006.2.038.05.303019;Secretaria de Saúde;SAÚDE;VIGILÂNCIA EPIDEMIOLÓGICA;EQUIPAMENTOS E MATERIAL PERMANENTE;TRANSFERENCIAS E CONVENIOS FEDERAIS - VINCULADOS;2.780,00;67.800,00;67.800,00
2019;5;60.70.3.3.50.39.10.302.0006.2.059.01.302000;Secretaria de Saúde;SAÚDE;ASSISTÊNCIA HOSPITALAR E AMBULATORIAL;OUTROS SERVIÇOS DE TERCEIROS -PESSOA JURÍDICA;TESOURO;8.984.688,79;5.189.595,40;3.963.002,81
2019;5;60.70.3.3.90.30.10.302.0006.2.035.01.302000;Secretaria de Saúde;SAÚDE;ASSISTÊNCIA HOSPITALAR E AMBULATORIAL;MATERIAL DE CONSUMO;TESOURO;529.214,51;190.069,12;154.032,53
2019;5;60.70.3.3.90.30.10.302.0006.2.035.05.302023;Secretaria de Saúde;SAÚDE;ASSISTÊNCIA HOSPITALAR E AMBULATORIAL;MATERIAL DE CONSUMO;TRANSFERENCIAS E CONVENIOS FEDERAIS - VINCULADOS;198.538,13;1.050.761,49;519.468,63
2019;5;60.70.3.3.90.32.10.302.0006.2.035.01.302000;Secretaria de Saúde;SAÚDE;ASSISTÊNCIA HOSPITALAR E AMBULATORIAL;MATERIAL, BEM OU SERVIÇO PARA DISTRIBUIÇÃO GRATUITA;TESOURO;152.949,97;176.099,96;141.013,06
2019;5;60.70.3.3.90.32.10.302.0006.2.035.05.302023;Secretaria de Saúde;SAÚDE;ASSISTÊNCIA HOSPITALAR E AMBULATORIAL;MATERIAL, BEM OU SERVIÇO PARA DISTRIBUIÇÃO GRATUITA;TRANSFERENCIAS E CONVENIOS FEDERAIS - VINCULADOS;749.133,89;326.025,00;316.254,59
2019;5;60.70.3.3.90.37.10.302.0006.2.035.05.302023;Secretaria de Saúde;SAÚDE;ASSISTÊNCIA HOSPITALAR E AMBULATORIAL;LOCAÇÃO DE MÃO-DE-OBRA;TRANSFERENCIAS E CONVENIOS FEDERAIS - VINCULADOS;3.246.078,90;197.395,93;197.395,93
2019;5;60.70.3.3.90.39.10.302.0006.2.035.01.302000;Secretaria de Saúde;SAÚDE;ASSISTÊNCIA HOSPITALAR E AMBULATORIAL;OUTROS SERVIÇOS DE TERCEIROS -  PESSOA JURÍDICA;TESOURO;1.466.952,43;4.063.228,27;1.907.402,21
2019;5;60.70.3.3.90.39.10.302.0006.2.035.05.302023;Secretaria de Saúde;SAÚDE;ASSISTÊNCIA HOSPITALAR E AMBULATORIAL;OUTROS SERVIÇOS DE TERCEIROS -  PESSOA JURÍDICA;TRANSFERENCIAS E CONVENIOS FEDERAIS - VINCULADOS;3.241.192,08;4.687.926,05;1.955.435,03
2019;5;60.70.3.3.90.48.10.302.0006.2.035.05.302023;Secretaria de Saúde;SAÚDE;ASSISTÊNCIA HOSPITALAR E AMBULATORIAL;OUTROS AUXÍLIOS FINANCEIROS A PESSOA FÍSICA;TRANSFERENCIAS E CONVENIOS FEDERAIS - VINCULADOS;4.219,34;4.219,34;5.043,07
2019;5;60.70.4.4.90.52.10.302.0006.2.035.01.302000;Secretaria de Saúde;SAÚDE;ASSISTÊNCIA HOSPITALAR E AMBULATORIAL;EQUIPAMENTOS E MATERIAL PERMANENTE;TESOURO;109.858,40;52.965,10;23.823,50
2019;5;65.10.3.1.90.11.26.122.0009.2.002.01.400000;Secretaria de Mobilidade Urbana;TRANSPORTE;ADMINISTRAÇÃO GERAL;VENCIMENTOS E VANTAGENS FIXAS -  PESSOAL CIVIL;TESOURO;174.657,42;174.657,42;174.657,42
2019;5;65.10.3.3.90.30.26.122.0009.2.002.01.400000;Secretaria de Mobilidade Urbana;TRANSPORTE;ADMINISTRAÇÃO GERAL;MATERIAL DE CONSUMO;TESOURO;50.835,50;6.775,50;1.365,00
2019;5;65.10.3.3.90.39.26.122.0009.2.002.01.400000;Secretaria de Mobilidade Urbana;TRANSPORTE;ADMINISTRAÇÃO GERAL;OUTROS SERVIÇOS DE TERCEIROS -  PESSOA JURÍDICA;TESOURO;1.588.268,03;1.164.742,15;1.018.966,59
2019;5;65.10.3.3.90.39.26.451.0009.1.012.01.130033;Secretaria de Mobilidade Urbana;TRANSPORTE;INFRA-ESTRUTURA URBANA;OUTROS SERVIÇOS DE TERCEIROS -  PESSOA JURÍDICA;TESOURO;0;63.750,00;135.428,56
2019;5;65.10.3.3.90.92.26.122.0009.2.002.01.400000;Secretaria de Mobilidade Urbana;TRANSPORTE;ADMINISTRAÇÃO GERAL;DESPESAS DE EXERCÍCIOS ANTERIORES;TESOURO;3.831,04;4.830,73;4.830,73
2019;5;65.10.4.4.90.51.26.451.0009.1.012.01.140000;Secretaria de Mobilidade Urbana;TRANSPORTE;INFRA-ESTRUTURA URBANA;OBRAS E INSTALAÇÕES;TESOURO;11.383,75;22.403,71;22.403,71
2019;5;65.10.4.4.90.51.26.451.0009.1.012.05.400107;Secretaria de Mobilidade Urbana;TRANSPORTE;INFRA-ESTRUTURA URBANA;OBRAS E INSTALAÇÕES;TRANSFERENCIAS E CONVENIOS FEDERAIS - VINCULADOS;899.316,34;0;0
2019;5;65.20.3.3.90.30.26.122.0009.2.048.03.400075;Secretaria de Mobilidade Urbana;TRANSPORTE;ADMINISTRAÇÃO GERAL;MATERIAL DE CONSUMO;RECURSOS PROPRIOS DE FUNDOS ESPECIAIS DE DESPESA - VINCULADOS;0;5.085,00;5.978,00
2019;5;65.20.3.3.90.30.26.122.0009.2.048.03.400076;Secretaria de Mobilidade Urbana;TRANSPORTE;ADMINISTRAÇÃO GERAL;MATERIAL DE CONSUMO;RECURSOS PROPRIOS DE FUNDOS ESPECIAIS DE DESPESA - VINCULADOS;1.375,40;0;0
2019;5;65.20.3.3.90.36.26.122.0009.2.048.03.400075;Secretaria de Mobilidade Urbana;TRANSPORTE;ADMINISTRAÇÃO GERAL;OUTROS SERVIÇOS DE TERCEIROS - PESSOA FÍSICA;RECURSOS PROPRIOS DE FUNDOS ESPECIAIS DE DESPESA - VINCULADOS;6.527,96;6.527,96;6.527,96
2019;5;65.20.3.3.90.39.26.122.0009.2.048.01.400000;Secretaria de Mobilidade Urbana;TRANSPORTE;ADMINISTRAÇÃO GERAL;OUTROS SERVIÇOS DE TERCEIROS -  PESSOA JURÍDICA;TESOURO;4.067.376,19;900.070,75;443.237,28
2019;5;65.20.3.3.90.39.26.122.0009.2.048.03.400075;Secretaria de Mobilidade Urbana;TRANSPORTE;ADMINISTRAÇÃO GERAL;OUTROS SERVIÇOS DE TERCEIROS -  PESSOA JURÍDICA;RECURSOS PROPRIOS DE FUNDOS ESPECIAIS DE DESPESA - VINCULADOS;2.963.103,37;1.280.004,49;3.709.162,38
2019;5;65.20.3.3.90.39.26.122.0009.2.048.03.400076;Secretaria de Mobilidade Urbana;TRANSPORTE;ADMINISTRAÇÃO GERAL;OUTROS SERVIÇOS DE TERCEIROS -  PESSOA JURÍDICA;RECURSOS PROPRIOS DE FUNDOS ESPECIAIS DE DESPESA - VINCULADOS;0;14.524,16;14.524,16
2019;5;65.20.3.3.90.39.26.122.0009.2.048.03.400115;Secretaria de Mobilidade Urbana;TRANSPORTE;ADMINISTRAÇÃO GERAL;OUTROS SERVIÇOS DE TERCEIROS -  PESSOA JURÍDICA;RECURSOS PROPRIOS DE FUNDOS ESPECIAIS DE DESPESA - VINCULADOS;49.860,55;49.860,55;49.860,55
2019;5;65.20.3.3.90.39.26.122.0009.2.048.03.400128;Secretaria de Mobilidade Urbana;TRANSPORTE;ADMINISTRAÇÃO GERAL;OUTROS SERVIÇOS DE TERCEIROS -  PESSOA JURÍDICA;RECURSOS PROPRIOS DE FUNDOS ESPECIAIS DE DESPESA - VINCULADOS;4.414,90;7.128,40;11.247,50
2019;5;65.20.3.3.90.92.26.122.0009.2.048.01.400000;Secretaria de Mobilidade Urbana;TRANSPORTE;ADMINISTRAÇÃO GERAL;DESPESAS DE EXERCÍCIOS ANTERIORES;TESOURO;133.000,00;133.000,00;133.000,00
2019;5;65.20.3.3.90.92.26.122.0009.2.048.03.400115;Secretaria de Mobilidade Urbana;TRANSPORTE;ADMINISTRAÇÃO GERAL;DESPESAS DE EXERCÍCIOS ANTERIORES;RECURSOS PROPRIOS DE FUNDOS ESPECIAIS DE DESPESA - VINCULADOS;3.390,99;437.000,00;437.000,00
2019;5;65.20.3.3.90.93.26.122.0009.2.048.03.400075;Secretaria de Mobilidade Urbana;TRANSPORTE;ADMINISTRAÇÃO GERAL;INDENIZAÇÕES E RESTITUIÇÕES;RECURSOS PROPRIOS DE FUNDOS ESPECIAIS DE DESPESA - VINCULADOS;8.068,70;8.068,70;0
2019;5;65.20.4.4.90.51.26.122.0009.2.048.03.400075;Secretaria de Mobilidade Urbana;TRANSPORTE;ADMINISTRAÇÃO GERAL;OBRAS E INSTALAÇÕES;RECURSOS PROPRIOS DE FUNDOS ESPECIAIS DE DESPESA - VINCULADOS;-1.767,50;34.674,37;113.261,54
2019;5;65.20.4.4.90.52.26.122.0009.2.048.02.400104;Secretaria de Mobilidade Urbana;TRANSPORTE;ADMINISTRAÇÃO GERAL;EQUIPAMENTOS E MATERIAL PERMANENTE;TRANSFERENCIAS E CONVENIOS ESTADUAIS - VINCULADOS;0;2.537,00;2.537,00
2019;5;65.20.4.4.90.52.26.122.0009.2.048.03.400075;Secretaria de Mobilidade Urbana;TRANSPORTE;ADMINISTRAÇÃO GERAL;EQUIPAMENTOS E MATERIAL PERMANENTE;RECURSOS PROPRIOS DE FUNDOS ESPECIAIS DE DESPESA - VINCULADOS;932,92;0;0
2019;5;70.10.3.1.90.11.04.122.0007.2.002.01.110000;Secretaria de Inovação e Desenvolvimento Econômico;ADMINISTRAÇÃO;ADMINISTRAÇÃO GERAL;VENCIMENTOS E VANTAGENS FIXAS -  PESSOAL CIVIL;TESOURO;53.716,73;53.716,73;53.716,73
2019;5;70.10.3.3.90.30.04.122.0007.2.002.01.110000;Secretaria de Inovação e Desenvolvimento Econômico;ADMINISTRAÇÃO;ADMINISTRAÇÃO GERAL;MATERIAL DE CONSUMO;TESOURO;0;903,6;170
2019;5;70.10.3.3.90.39.04.122.0007.2.002.01.110000;Secretaria de Inovação e Desenvolvimento Econômico;ADMINISTRAÇÃO;ADMINISTRAÇÃO GERAL;OUTROS SERVIÇOS DE TERCEIROS -  PESSOA JURÍDICA;TESOURO;1.950,00;63.702,12;66.105,63
2019;5;70.10.3.3.90.39.11.333.0007.2.040.01.110000;Secretaria de Inovação e Desenvolvimento Econômico;TRABALHO;EMPREGABILIDADE;OUTROS SERVIÇOS DE TERCEIROS -  PESSOA JURÍDICA;TESOURO;4.919,96;0;0
2019;5;70.10.3.3.90.39.11.333.0007.2.041.01.110000;Secretaria de Inovação e Desenvolvimento Econômico;TRABALHO;EMPREGABILIDADE;OUTROS SERVIÇOS DE TERCEIROS -  PESSOA JURÍDICA;TESOURO;242.780,00;8.000,00;19.330,82
2019;5;70.10.3.3.90.39.19.572.0007.2.058.01.110000;Secretaria de Inovação e Desenvolvimento Econômico;CIÊNCIA E TECNOLOGIA;DESENVOLVIMENTO TECNOLÓGICO E ENGENHARIA;OUTROS SERVIÇOS DE TERCEIROS -  PESSOA JURÍDICA;TESOURO;-31.638,36;38.336,66;32.503,33
2019;5;70.10.3.3.90.39.23.695.0007.2.042.01.110000;Secretaria de Inovação e Desenvolvimento Econômico;COMÉRCIO E SERVIÇOS;TURISMO;OUTROS SERVIÇOS DE TERCEIROS -  PESSOA JURÍDICA;TESOURO;0;32.087,42;7.061,83
2019;5;70.10.3.3.90.39.23.695.0007.2.042.03.100026;Secretaria de Inovação e Desenvolvimento Econômico;COMÉRCIO E SERVIÇOS;TURISMO;OUTROS SERVIÇOS DE TERCEIROS -  PESSOA JURÍDICA;RECURSOS PROPRIOS DE FUNDOS ESPECIAIS DE DESPESA - VINCULADOS;0;0;2.905,00
2019;5;70.10.4.4.90.51.23.695.0007.2.042.01.110000;Secretaria de Inovação e Desenvolvimento Econômico;COMÉRCIO E SERVIÇOS;TURISMO;OBRAS E INSTALAÇÕES;TESOURO;0;18.724,32;59.315,34
2019;5;70.10.4.4.90.52.19.572.0007.2.058.01.110000;Secretaria de Inovação e Desenvolvimento Econômico;CIÊNCIA E TECNOLOGIA;DESENVOLVIMENTO TECNOLÓGICO E ENGENHARIA;EQUIPAMENTOS E MATERIAL PERMANENTE;TESOURO;465;3.472,00;0
2019;5;70.10.4.4.90.52.23.695.0007.2.042.01.110000;Secretaria de Inovação e Desenvolvimento Econômico;COMÉRCIO E SERVIÇOS;TURISMO;EQUIPAMENTOS E MATERIAL PERMANENTE;TESOURO;0;487,6;0
2019;5;70.10.4.4.90.52.23.695.0007.2.042.05.100054;Secretaria de Inovação e Desenvolvimento Econômico;COMÉRCIO E SERVIÇOS;TURISMO;EQUIPAMENTOS E MATERIAL PERMANENTE;TRANSFERENCIAS E CONVENIOS FEDERAIS - VINCULADOS;7.560,00;0;0
2019;5;75.10.3.1.90.11.06.181.0010.2.002.01.110000;Secretaria de Proteção ao Cidadão;SEGURANÇA PÚBLICA;POLICIAMENTO;VENCIMENTOS E VANTAGENS FIXAS -  PESSOAL CIVIL;TESOURO;517.079,48;517.079,48;517.079,48
2019;5;75.10.3.1.90.96.06.181.0010.2.002.01.110000;Secretaria de Proteção ao Cidadão;SEGURANÇA PÚBLICA;POLICIAMENTO;RESSARCIMENTO DE DESPESAS DE PESSOAL REQUISITADO;TESOURO;175.136,76;175.136,76;175.136,76
2019;5;75.10.3.3.90.14.06.181.0010.2.002.01.110000;Secretaria de Proteção ao Cidadão;SEGURANÇA PÚBLICA;POLICIAMENTO;DIÁRIAS - PESSOAL CIVIL;TESOURO;0;0;1.500,00
2019;5;75.10.3.3.90.30.06.181.0010.2.002.01.110000;Secretaria de Proteção ao Cidadão;SEGURANÇA PÚBLICA;POLICIAMENTO;MATERIAL DE CONSUMO;TESOURO;18.281,36;27.441,24;55.885,82
2019;5;75.10.3.3.90.30.06.181.0010.2.049.01.110000;Secretaria de Proteção ao Cidadão;SEGURANÇA PÚBLICA;POLICIAMENTO;MATERIAL DE CONSUMO;TESOURO;59,44;15.463,29;1.396,59
2019;5;75.10.3.3.90.39.06.181.0010.2.002.01.110000;Secretaria de Proteção ao Cidadão;SEGURANÇA PÚBLICA;POLICIAMENTO;OUTROS SERVIÇOS DE TERCEIROS -  PESSOA JURÍDICA;TESOURO;58.925,03;168.064,13;62.246,81
2019;5;75.10.3.3.90.39.06.181.0010.2.002.01.140000;Secretaria de Proteção ao Cidadão;SEGURANÇA PÚBLICA;POLICIAMENTO;OUTROS SERVIÇOS DE TERCEIROS -  PESSOA JURÍDICA;TESOURO;0;117.000,00;117.000,00
2019;5;75.10.3.3.90.39.06.181.0010.2.049.01.110000;Secretaria de Proteção ao Cidadão;SEGURANÇA PÚBLICA;POLICIAMENTO;OUTROS SERVIÇOS DE TERCEIROS -  PESSOA JURÍDICA;TESOURO;1.770,00;113.282,02;64.282,08
2019;5;75.10.3.3.90.92.06.181.0010.2.002.01.110000;Secretaria de Proteção ao Cidadão;SEGURANÇA PÚBLICA;POLICIAMENTO;DESPESAS DE EXERCÍCIOS ANTERIORES;TESOURO;1.200,00;0;0
2019;5;75.10.4.4.90.52.06.181.0010.2.002.01.110000;Secretaria de Proteção ao Cidadão;SEGURANÇA PÚBLICA;POLICIAMENTO;EQUIPAMENTOS E MATERIAL PERMANENTE;TESOURO;3.834,00;209.210,40;220.529,50
2019;5;75.10.4.4.90.52.06.181.0010.2.049.01.110000;Secretaria de Proteção ao Cidadão;SEGURANÇA PÚBLICA;POLICIAMENTO;EQUIPAMENTOS E MATERIAL PERMANENTE;TESOURO;0;0;26.791,28
2019;5;80.10.3.1.90.11.04.122.0001.2.009.01.110000;Encargos Gerais do Município;ADMINISTRAÇÃO;ADMINISTRAÇÃO GERAL;VENCIMENTOS E VANTAGENS FIXAS -  PESSOAL CIVIL;TESOURO;302.267,75;302.267,75;302.267,75
2019;5;80.10.3.1.90.13.09.271.0001.2.010.01.110000;Encargos Gerais do Município;PREVIDÊNCIA SOCIAL;PREVIDÊNCIA BÁSICA;OBRIGAÇÕES PATRONAIS;TESOURO;388.339,43;388.339,43;388.339,43
2019;5;80.10.3.1.90.16.04.122.0001.2.009.01.110000;Encargos Gerais do Município;ADMINISTRAÇÃO;ADMINISTRAÇÃO GERAL;OUTRAS DESPESAS VARIÁVEIS - PESSOAL CIVIL;TESOURO;6.072,74;6.072,74;6.072,74
2019;5;80.10.3.1.90.91.04.122.0001.0.001.01.110000;Encargos Gerais do Município;ADMINISTRAÇÃO;ADMINISTRAÇÃO GERAL;SENTENÇAS JUDICIAIS;TESOURO;464.401,66;460.744,44;513,71
2019;5;80.10.3.1.90.94.04.122.0001.2.009.01.110000;Encargos Gerais do Município;ADMINISTRAÇÃO;ADMINISTRAÇÃO GERAL;INDENIZAÇÕES E RESTITUIÇÕES TRABALHISTAS;TESOURO;170.998,66;170.998,66;164.051,00
2019;5;80.10.3.1.91.13.09.271.0001.2.010.01.110000;Encargos Gerais do Município;PREVIDÊNCIA SOCIAL;PREVIDÊNCIA BÁSICA;OBRIGAÇÕES PATRONAIS;TESOURO;2.215.801,34;2.215.801,34;2.215.801,34
2019;5;80.10.3.2.90.21.28.843.0001.0.002.01.110000;Encargos Gerais do Município;ENCARGOS ESPECIAIS;SERVIÇO DA DÍVIDA INTERNA;JUROS SOBRE A DÍVIDA POR CONTRATO;TESOURO;0;62.116,11;172.438,01
2019;5;80.10.3.2.90.21.28.843.0001.0.004.01.110000;Encargos Gerais do Município;ENCARGOS ESPECIAIS;SERVIÇO DA DÍVIDA INTERNA;JUROS SOBRE A DÍVIDA POR CONTRATO;TESOURO;0;177.550,21;114.024,39
2019;5;80.10.3.2.91.21.28.843.0001.0.004.01.110000;Encargos Gerais do Município;ENCARGOS ESPECIAIS;SERVIÇO DA DÍVIDA INTERNA;JUROS SOBRE A DÍVIDA POR CONTRATO - INTRA-ORÇAMENTÁRIO;TESOURO;0;332.430,18;0
2019;5;80.10.3.3.90.08.04.122.0001.2.008.01.110000;Encargos Gerais do Município;ADMINISTRAÇÃO;ADMINISTRAÇÃO GERAL;OUTROS BENEFÍCIOS ASSISTENCIAIS DO SERVIDOR E DO MILITAR;TESOURO;75;75;75
2019;5;80.10.3.3.90.39.04.122.0001.2.007.01.110000;Encargos Gerais do Município;ADMINISTRAÇÃO;ADMINISTRAÇÃO GERAL;OUTROS SERVIÇOS DE TERCEIROS -  PESSOA JURÍDICA;TESOURO;0;1.264.982,16;402.749,55
2019;5;80.10.3.3.90.39.04.122.0001.2.008.01.110000;Encargos Gerais do Município;ADMINISTRAÇÃO;ADMINISTRAÇÃO GERAL;OUTROS SERVIÇOS DE TERCEIROS -  PESSOA JURÍDICA;TESOURO;182.353,31;263.832,62;146.550,64
2019;5;80.10.3.3.90.46.04.122.0001.2.008.01.110000;Encargos Gerais do Município;ADMINISTRAÇÃO;ADMINISTRAÇÃO GERAL;AUXÍLIO ALIMENTAÇÃO;TESOURO;454.340,06;454.340,06;8.708,82
2019;5;80.10.3.3.90.47.04.122.0001.2.009.01.110000;Encargos Gerais do Município;ADMINISTRAÇÃO;ADMINISTRAÇÃO GERAL;OBRIGAÇÕES TRIBUTÁRIAS E CONTRIBUTIVAS;TESOURO;1.868.079,41;1.868.079,41;1.868.079,41
2019;5;80.10.3.3.90.91.04.122.0001.0.001.01.110000;Encargos Gerais do Município;ADMINISTRAÇÃO;ADMINISTRAÇÃO GERAL;SENTENÇAS JUDICIAIS;TESOURO;1.345.658,15;1.330.018,62;4.950,00
2019;5;80.10.3.3.90.92.04.122.0001.2.007.01.110000;Encargos Gerais do Município;ADMINISTRAÇÃO;ADMINISTRAÇÃO GERAL;DESPESAS DE EXERCÍCIOS ANTERIORES;TESOURO;900;900;900
2019;5;80.10.3.3.90.93.04.122.0001.0.003.01.110000;Encargos Gerais do Município;ADMINISTRAÇÃO;ADMINISTRAÇÃO GERAL;INDENIZAÇÕES E RESTITUIÇÕES;TESOURO;687,24;687,24;43.784,76
2019;5;80.10.3.3.90.93.04.122.0001.2.007.01.110000;Encargos Gerais do Município;ADMINISTRAÇÃO;ADMINISTRAÇÃO GERAL;INDENIZAÇÕES E RESTITUIÇÕES;TESOURO;113.629,54;113.629,96;41.452,64
2019;5;80.10.4.6.90.71.28.843.0001.0.002.01.110000;Encargos Gerais do Município;ENCARGOS ESPECIAIS;SERVIÇO DA DÍVIDA INTERNA;PRINCIPAL DA DÍVIDA CONTRATUAL RESGATADA;TESOURO;0;93.209,46;144.547,13
2019;5;80.10.4.6.90.71.28.843.0001.0.004.01.110000;Encargos Gerais do Município;ENCARGOS ESPECIAIS;SERVIÇO DA DÍVIDA INTERNA;PRINCIPAL DA DÍVIDA CONTRATUAL RESGATADA;TESOURO;363.855,66;563.017,79;513.053,89
2019;5;80.10.4.6.91.71.28.843.0001.0.004.01.110000;Encargos Gerais do Município;ENCARGOS ESPECIAIS;SERVIÇO DA DÍVIDA INTERNA;PRINCIPAL DA DÍVIDA CONTRATUAL RESGATADA - INTRA-ORÇAMENTÁRIO;TESOURO;0;868.222,03;0
